Feature,Weight
linktag,2.436668206443764
essay,2.1128990646522903
write,1.3057674787752902
servic,1.2363071275117796
workspac,1.1483267415612295
url,1.1013284136180288
user,1.0827165316650935
coursework,1.0602230973185276
assign,0.93553355794253
cape,0.8557770437030061
info,0.8478440251451773
projrc,0.8304772731214544
buy,0.8025309689040924
unit,0.7976615008919771
builder,0.7845152947151953
thread,0.7806802660047893
uk,0.780218920700087
equilibrium,0.7740188993947832
local,0.7666375745627853
breitl,0.7655975303171617
spray,0.7260938667129997
refin,0.7250525336125027
wheel,0.7150683808297775
comput,0.7105376090567078
cope,0.7037676066536811
typemyessay,0.7037676066536811
errno,0.6762282177928195
laptop,0.6600365359705026
resum,0.6449601303894813
onlin,0.6412228023040871
clarifi,0.6404197713567417
inform,0.6373812872347008
timer,0.6162104693621535
scilap,0.6131820656698478
custom,0.6130798583601261
orolog,0.6005912434631735
qualiti,0.5988287284125402
dropresid,0.59500786279031
dissert,0.5912913963065711
spot,0.5912913963065711
isn,0.5881264819554444
topic,0.5875065395252512
gui,0.5828903556751757
mistak,0.5788600875481413
dynam,0.5734253515019495
make,0.5719171907221989
compliant,0.5705180291353372
dryer,0.5705180291353372
pair,0.5621792370609403
happi,0.5604505562613898
built,0.5547548471405062
busi,0.5543635381203629
knowledg,0.5469013913666884
txt,0.5457060206783136
today,0.5326391801887401
reactor,0.5300910931640598
rcac,0.5257565158158914
allow,0.5206602680367539
convolut,0.5162343261743454
perhap,0.5162343261743454
simplest,0.5162343261743454
unawar,0.5162343261743454
equip,0.5106768631644526
cstr,0.5076705110638218
guillermo,0.5025399357564815
process,0.500730133060142
sheena,0.4994016863044316
group,0.4973475721750908
helper,0.4973475721750908
inconsist,0.4936305303286403
reaction,0.4935269585610359
phase,0.4902575104121794
person,0.4902381744639691
event,0.4773716301401222
way,0.4759706689991874
bianco,0.4711369417336375
oper,0.4694873137226938
concern,0.4647117221568464
search,0.4644768878410653
script,0.4635688570915787
eswecha,0.4618232002573041
develop,0.4586334111081215
associ,0.4521481406713002
handmadewrit,0.4471093444960827
solut,0.4457402243922833
ae,0.4418673948995663
howev,0.4407640676725931
amaz,0.4400898131373982
aachenbomb,0.4316182102151155
aachenbombdieselfoam,0.4316182102151155
care,0.4316182102151155
pitzdailyblockmesh,0.4316182102151155
pitzdailysimplefoam,0.4316182102151155
dissertationhelp,0.4301068400601586
failur,0.4301068400601586
heighten,0.4301068400601586
immeasur,0.4301068400601586
misdirect,0.4301068400601586
oppos,0.4239287284779991
thorough,0.4215645070517012
articl,0.4078186151645829
reduc,0.4063291741156429
purchas,0.4051206100031458
fscanfmat,0.4030488494007599
case,0.4020282509793682
befor,0.3976685771662401
report,0.3968459367772705
singl,0.3946274076906844
began,0.3940049889704847
brought,0.3940049889704847
bundl,0.3940049889704847
libbla,0.3940049889704847
libblapack,0.3940049889704847
prerequisit,0.3940049889704847
uncommon,0.3940049889704847
don,0.3876081563537113
featur,0.3827098532252997
therefor,0.3793681009709269
sort,0.379007821777683
cover,0.3752906370759957
cvs,0.3752906370759957
daili,0.3752906370759957
dubai,0.3752906370759957
freelanc,0.3752906370759957
letter,0.3752906370759957
linkedin,0.3752906370759957
senior,0.3752906370759957
writer,0.3752906370759957
issu,0.3724400148309701
result,0.3674698362741672
blog,0.3642416006209987
altern,0.3634846828065016
new,0.3597378029331734
said,0.3544142204045911
directori,0.3534335579586473
quadrant,0.3532889667430433
alli,0.3525168882697507
request,0.3518978560746239
state,0.3479057338962298
experi,0.346884201425401
footprint,0.3458694228550686
variabl,0.3457923661152814
portabl,0.3444750352854772
caus,0.3432565124378538
becaus,0.3412916131553757
steadi,0.3388184220712588
minim,0.338447007375881
reactiv,0.338447007375881
referenc,0.3381141088964097
output,0.331601736141268
save,0.3278398495245629
cv,0.3247266303923268
point,0.3209050901831317
actual,0.3171127903401979
finish,0.3165628654448553
plot,0.3147530215075698
gitup,0.3115440985223342
repositori,0.3115440985223342
segment,0.3095731781271877
colleg,0.3062230274910052
blockmesh,0.3030085784837246
accompani,0.3010436926261237
divert,0.3010436926261237
endeavor,0.3010436926261237
errorbar,0.3010436926261237
extra,0.3010436926261237
fillbetween,0.3010436926261237
loud,0.3010436926261237
truli,0.3010436926261237
watchword,0.3010436926261237
scimax,0.2997996927364809
authorat,0.2994143642062701
consum,0.2994143642062701
hard,0.2994143642062701
journal,0.2994143642062701
street,0.2994143642062701
good,0.2985211393618177
adequ,0.2967016369162398
announc,0.2967016369162398
conceiv,0.2967016369162398
depict,0.2967016369162398
esteem,0.2967016369162398
portion,0.2967016369162398
solitari,0.2967016369162398
twofold,0.2967016369162398
graph,0.2950495638407001
méxico,0.2947737765718808
data,0.2940512172323588
osmosi,0.2936550058946807
various,0.2930775519772038
ideal,0.2898067701269419
risparmi,0.2826311733944345
sconto,0.2826311733944345
comma,0.282303613546801
render,0.282303613546801
newli,0.2818713123008858
approach,0.2810896185304701
phrase,0.2810896185304701
primari,0.2810896185304701
cheap,0.2794127725073485
bar,0.2791566354225005
impact,0.2780754103454214
best,0.2761802862433246
ground,0.2708352537462486
offer,0.2708352537462486
smart,0.2708352537462486
spice,0.2675957437376539
countless,0.2674877036670416
ident,0.2674877036670416
intersect,0.2674877036670416
repres,0.2674877036670416
strain,0.2674877036670416
univers,0.2641523299225307
append,0.262770523766325
cvpcb,0.261706444567567
teach,0.2604677874322413
specifi,0.2588529730474437
idea,0.2586449600662621
ascertain,0.2574852907334907
chanc,0.2574852907334907
converg,0.2574852907334907
entireti,0.2574852907334907
likewis,0.2574852907334907
meet,0.2574852907334907
outcom,0.2574852907334907
straight,0.2574852907334907
turn,0.2574852907334907
tick,0.2553057534465995
friend,0.2504416583773337
indic,0.2493262803348172
websit,0.2488862399447732
gnd,0.2486688052594433
matplotlib,0.2485325164192177
whilst,0.248460502386202
wizard,0.2480685911460095
time,0.2475818050818582
present,0.2467853601353073
combin,0.2461265106745078
stuff,0.2453158230442193
onli,0.2446477999648766
linear,0.2441015401884641
fact,0.2437595872650721
led,0.2424087773384553
rememb,0.2381005403020959
parallel,0.2378692677230884
extrem,0.2360107204617613
pythonplot,0.2354422842752646
composit,0.2350910571480231
everi,0.2344870588372269
difficult,0.2323780686640826
wide,0.2322612320520336
dwsim,0.232090651756235
profil,0.2315035230286258
short,0.2300501964992314
wall,0.2284144507311057
chose,0.2260143235647567
interfac,0.2257678372681393
consist,0.2247637119990103
numer,0.2238253146396403
singular,0.2218886486617202
peopl,0.2212646999785316
graduat,0.2200928283854742
figur,0.2194960822012872
href,0.2192848578016509
build,0.2187924483669258
navitim,0.2159377649612505
common,0.214847218170814
opposit,0.214254903952736
establish,0.2111829696929639
encourag,0.2107822535258506
reflux,0.2107822535258506
spec,0.2107822535258506
tad,0.2107822535258506
unconverg,0.2107822535258506
pressur,0.2096454040213948
valid,0.2087840086683006
cross,0.2085434232754941
messag,0.2038709766339793
stage,0.2013663863833175
understood,0.2009635771201769
written,0.2005279418104051
print,0.2002267107483067
python,0.2001144709921677
addit,0.1979852351517586
aid,0.1979852351517586
circuitlab,0.1979852351517586
collect,0.1979852351517586
docircuit,0.1979852351517586
expert,0.1979852351517586
extraordinarili,0.1979852351517586
hobbyist,0.1979852351517586
multisim,0.1979852351517586
partsim,0.1979852351517586
psim,0.1979852351517586
statist,0.1979852351517586
therebi,0.1979852351517586
tina,0.1979852351517586
tom,0.1979852351517586
uniqu,0.1979852351517586
editor,0.1973295401539763
link,0.1959378471855462
condens,0.1932029959101905
modul,0.1931872590455994
proport,0.1922089599685441
price,0.1910489847218136
matter,0.1893982420974901
clear,0.1890536069906569
drier,0.1890031830712932
equat,0.1882097091546189
explor,0.1863850393295761
product,0.1860954887183676
sequenc,0.1857167463026125
quantiti,0.1830199749171292
titl,0.1807598225208754
configur,0.1803712808306506
won,0.1789678717978404
onc,0.1769054503097469
question,0.1765900292417244
virtual,0.1763932202061266
util,0.1761549776237935
techniqu,0.1761256915385555
equival,0.1754841497575278
organ,0.1751035626778127
talk,0.1741593073251152
equal,0.1727835984037733
conveni,0.1722375176427386
facilit,0.1722375176427386
life,0.1722375176427386
long,0.1722375176427386
travel,0.1722375176427386
ac,0.1719681268141278
day,0.1713076441751493
ternari,0.1709337051432555
advis,0.1692235036879405
gibbz,0.1692235036879405
na,0.1692235036879405
nbe,0.1692235036879405
nbefor,0.1692235036879405
nirrelev,0.1692235036879405
nphase,0.1692235036879405
ntake,0.1692235036879405
nwith,0.1692235036879405
physic,0.1692235036879405
simplifi,0.1692235036879405
carri,0.1691412735792573
greater,0.1664807566827467
field,0.1653056469058365
target,0.163926264143434
librari,0.1629099820465346
weight,0.1621459119174385
total,0.1620908434583713
consid,0.1616352774090837
expir,0.1615294855600791
kellim,0.1615294855600791
kingdom,0.1615294855600791
london,0.1615294855600791
public,0.1615294855600791
shortcircuit,0.1615294855600791
worri,0.1615294855600791
worthington,0.1615294855600791
rout,0.1611135670232544
increas,0.1594776590012434
exclammark,0.1577185107363411
deepli,0.1574762957884476
pell,0.1570456472445459
batteri,0.1561724249737769
pretti,0.1550294716299727
high,0.1542959936747049
involv,0.1536075955445307
touch,0.1511862951210419
key,0.1510537393916356
prefer,0.1506319672562427
studi,0.1498417517585477
sever,0.1458622404725479
known,0.1430657040980318
quit,0.1417781209584417
end,0.1417249612259207
cirv,0.1395888232840215
endand,0.1395888232840215
endpleas,0.1395888232840215
kc,0.1395888232840215
tc,0.1395888232840215
thu,0.1395888232840215
hold,0.13932651450285
jiffi,0.13932651450285
pave,0.13932651450285
non,0.1387897971254534
free,0.1384172216098633
tomorrow,0.1376166183730671
gadget,0.1352727815394376
regular,0.1352727815394376
content,0.1346378009659591
execut,0.1335535535100298
reboil,0.1320925600434906
becerra,0.1314391289539728
circ,0.1314391289539728
programfil,0.1314391289539728
pyhon,0.1314391289539728
suspect,0.1314391289539728
great,0.1309875897643722
advanc,0.1273215610247475
light,0.1263176917963464
realli,0.124109664178776
tv,0.1238229753219059
provid,0.1236510557161958
rate,0.1223277188346508
eeschema,0.1186962298790974
cinturino,0.1177842354334093
compar,0.1159961623739686
appli,0.1159865060864515
copi,0.1154561357115721
ref,0.1116263389174798
tabl,0.111305207171614
coordin,0.1105534290301662
clamp,0.1105068720817417
perform,0.1079614562868708
feb,0.1077390714355214
kicadtongspic,0.1076277010792337
nif,0.1038282117954746
separ,0.1017627759204152
greet,0.1017251792449826
board,0.1002640409433114
nthe,0.0988022657640032
chronograph,0.0981535295278412
home,0.0978117250616773
place,0.0975031527405909
reason,0.094697533213912
direct,0.0935703099042331
press,0.0933727026940045
explain,0.0897127791644541
right,0.0894887610505816
column,0.0874052888376816
global,0.0855335576362737
ubuntu,0.0847641274635237
desktop,0.083896659466268
lab,0.08251110974846
filter,0.0807970170734911
acciaio,0.0785228236222729
chronomat,0.0785228236222729
ocean,0.0785228236222729
ss,0.0785228236222729
area,0.078435835433558
fatal,0.0780754230561891
netlist,0.0767898955352289
tran,0.0758295401679037
mani,0.0753830455630274
controlrunprint,0.0742408184580258
exclud,0.0742408184580258
reorder,0.0742408184580258
txtprint,0.0742408184580258
cronografo,0.0739220758451426
allv,0.0734645329348327
endc,0.0734645329348327
monitor,0.0727570942742123
replica,0.0706577933486086
sine,0.069191527525619
band,0.0665593363076264
far,0.0662544840939842
hope,0.0633767587320276
machin,0.0607770013205989
engin,0.0602030678743307
audemar,0.0588921177167046
marcatori,0.0588921177167046
marker,0.0588921177167046
numeri,0.0588921177167046
ora,0.0588921177167046
piguet,0.0588921177167046
stainless,0.0588921177167046
think,0.0565633761676352
steel,0.055441556883857
rolex,0.055441556883857
dialog,0.0553986584650479
flowsheet,0.0549109569721032
nero,0.0529933450114564
krone,0.0529933450114564
date,0.0527797391608667
easi,0.0508562445274392
icon,0.0502491420864601
came,0.0496263726388425
line,0.0487018788025783
model,0.048691849267957
super,0.0477339781931974
ngspice,0.0473018442066455
cloud,0.0471764594489604
document,0.0465973405804156
electron,0.0419796834090176
thing,0.0418007000654984
instead,0.0417264156508973
inlet,0.0414032251574816
volum,0.039654336931381
click,0.0394132143804057
braccial,0.0392614118111364
brequet,0.0392614118111364
contatori,0.0392614118111364
dce,0.0392614118111364
df,0.0392614118111364
falsi,0.0392614118111364
falso,0.0392614118111364
heuer,0.0392614118111364
ii,0.0392614118111364
inox,0.0392614118111364
luce,0.0392614118111364
lunetta,0.0392614118111364
marron,0.0392614118111364
stripe,0.0392614118111364
tone,0.0392614118111364
tripl,0.0392614118111364
tripla,0.0392614118111364
blu,0.0369610379225713
da,0.0369610379225713
ea,0.0369610379225713
rosso,0.0369610379225713
sinc,0.0359629387315547
circuit,0.035868322568767
linux,0.0353532600933435
remov,0.0353004850628132
packag,0.0348491321126529
reader,0.0346805772745297
flash,0.0340221648640207
charg,0.0330605529630874
fe,0.0328212636092609
tag,0.0318188860969297
mous,0.0308280593207303
doesn,0.0301409663920719
control,0.0299947155889061
consol,0.0299076571611926
rc,0.0291613106588819
hour,0.0248780968217702
past,0.0232257809090068
paper,0.0230922387659988
submit,0.0228941277383311
current,0.020363059435412
veri,0.0199907345771995
arabi,0.0196307059055682
ba,0.0196307059055682
bestsellerfalso,0.0196307059055682
breguet,0.0196307059055682
cassa,0.0196307059055682
copyright,0.0196307059055682
diritti,0.0196307059055682
fascia,0.0196307059055682
fc,0.0196307059055682
gennaio,0.0196307059055682
leather,0.0196307059055682
meccanici,0.0196307059055682
migliori,0.0196307059055682
riservati,0.0196307059055682
taghuer,0.0196307059055682
tutti,0.0196307059055682
vedi,0.0196307059055682
node,0.0191700093382886
svizzeri,0.0184805189612856
dial,0.0184805189612856
novità,0.0184805189612856
oro,0.0184805189612856
rosa,0.0184805189612856
vendita,0.0184805189612856
aaa,0.0176644483371521
australian,0.0176644483371521
canadian,0.0176644483371521
cni,0.0176644483371521
danish,0.0176644483371521
di,0.0176644483371521
euro,0.0176644483371521
jappen,0.0176644483371521
norsk,0.0176644483371521
pound,0.0176644483371521
swedish,0.0176644483371521
yen,0.0176644483371521
movimento,0.0176644483371521
vetrina,0.0176644483371521
le,0.0170314547840941
know,0.0157210080716305
object,0.0128938572283707
cc,0.0127493658410316
master,0.0108488551841962
dc,0.0101138417412821
outlet,0.0099320747006531
button,0.0094413057868607
arc,0.0092862459867481
got,0.0088369702953983
black,0.0079921842262133
sure,0.0047604358320603
tool,0.0033498235908893
manag,0.0004466654162046
idinput,1.7780915628762273e-17
medium,1.3877787807814457e-17
hublot,6.938893903907228e-18
somebodi,4.77048955893622e-18
rajesh,3.903127820947816e-18
vd,3.5778671692021654e-18
accept,3.469446951953614e-18
advic,3.469446951953614e-18
bartlett,3.469446951953614e-18
bcommand,3.469446951953614e-18
bgrep,3.469446951953614e-18
cfreq,3.469446951953614e-18
foundher,3.469446951953614e-18
glitch,3.469446951953614e-18
herewithfyi,3.469446951953614e-18
proscript,3.469446951953614e-18
pylet,3.469446951953614e-18
scr,3.0357660829594124e-18
nels,2.6020852139652106e-18
versa,2.6020852139652106e-18
vice,2.6020852139652106e-18
vous,2.1955093992831465e-18
avoid,1.951563910473908e-18
otherwis,1.951563910473908e-18
ex,1.7889335846010823e-18
volatag,1.7889335846010823e-18
ajit,1.734723475976807e-18
analogread,1.734723475976807e-18
dehradun,1.734723475976807e-18
ece,1.734723475976807e-18
esimchang,1.734723475976807e-18
hang,1.734723475976807e-18
macrosregardsrajaneesh,1.734723475976807e-18
matplotlob,1.734723475976807e-18
multipli,1.734723475976807e-18
rathor,1.734723475976807e-18
readimag,1.734723475976807e-18
shivalik,1.734723475976807e-18
uttrakhand,1.734723475976807e-18
promot,1.3010426069826053e-18
apparait,1.0977546996415732e-18
boit,1.0977546996415732e-18
bonjour,1.0977546996415732e-18
crit,1.0977546996415732e-18
essai,1.0977546996415732e-18
il,1.0977546996415732e-18
indiqu,1.0977546996415732e-18
nom,1.0977546996415732e-18
nouveau,1.0977546996415732e-18
plait,1.0977546996415732e-18
pouvez,1.0977546996415732e-18
suivant,1.0977546996415732e-18
sur,1.0977546996415732e-18
xfb,1.0977546996415732e-18
solidwork,1.0842021724855044e-18
articoli,8.673617379884035e-19
teaset,8.673617379884035e-19
act,4.336808689942021e-19
amplifi,4.336808689942021e-19
bang,4.336808689942021e-19
bold,4.336808689942021e-19
caso,4.336808689942021e-19
ceramica,4.336808689942021e-19
commercialis,4.336808689942021e-19
completa,4.336808689942021e-19
iniziano,4.336808689942021e-19
promozioni,4.336808689942021e-19
readimagefil,4.336808689942021e-19
snapshot,4.336808689942021e-19
transconduct,4.336808689942021e-19
visualizzati,4.336808689942021e-19
vlsi,4.336808689942021e-19
big,4.2690460541616737e-19
mark,2.1684043449710093e-19
clue,1.8973538018496328e-19
potenti,1.8973538018496328e-19
smaller,1.8973538018496328e-19
systemat,1.8973538018496328e-19
cnt,1.4907779871675686e-19
passwd,1.4907779871675686e-19
rootpassword,1.4907779871675686e-19
studentthen,1.4907779871675686e-19
status,1.1011428314305904e-19
cccs,1.0842021724855044e-19
dash,1.0842021724855044e-19
miscellan,1.0842021724855044e-19
rectangl,1.0842021724855044e-19
thyristor,1.0842021724855044e-19
userdiod,1.0842021724855044e-19
whichev,1.0842021724855044e-19
abba,0.0
abortederror,0.0
academ,0.0
academia,0.0
advertis,0.0
agglomer,0.0
agu,0.0
amolbedarkar,0.0
anim,0.0
antivirus,0.0
approxim,0.0
arduinolib,0.0
argv,0.0
ari,0.0
aspect,0.0
atizar,0.0
attend,0.0
audienc,0.0
autom,0.0
availbl,0.0
away,0.0
ax,0.0
backslash,0.0
balu,0.0
bat,0.0
batch,0.0
becom,0.0
behav,0.0
beproj,0.0
bernarddnaptifrmumbai,0.0
bestsel,0.0
better,0.0
bip,0.0
bothwihch,0.0
bridg,0.0
bridgerectifi,0.0
bsd,0.0
cacheagglomer,0.0
calpha,0.0
capabl,0.0
catogri,0.0
cellset,0.0
cellzon,0.0
certifi,0.0
char,0.0
cheb,0.0
chebyshev,0.0
checkmesh,0.0
checkvalid,0.0
chedl,0.0
choppi,0.0
chosen,0.0
chrome,0.0
clarif,0.0
claus,0.0
clccleart,0.0
clocktim,0.0
cm,0.0
comm,0.0
comman,0.0
confirm,0.0
consoleimag,0.0
construct,0.0
crash,0.0
createbafflesdict,0.0
culprit,0.0
cumul,0.0
dambreak,0.0
deal,0.0
decim,0.0
decis,0.0
declar,0.0
definedwhen,0.0
deni,0.0
dic,0.0
dilu,0.0
dilupbicg,0.0
directoryi,0.0
directorynow,0.0
div,0.0
dll,0.0
dlllink,0.0
doanalys,0.0
docker,0.0
dome,0.0
dos,0.0
eas,0.0
easili,0.0
endendplot,0.0
endendt,0.0
endt,0.0
epslon,0.0
errtyp,0.0
esi,0.0
evstr,0.0
executiontim,0.0
extend,0.0
faceareapair,0.0
faceset,0.0
facezon,0.0
failednot,0.0
failedtransi,0.0
filet,0.0
flashplay,0.0
flts,0.0
fo,0.0
fps,0.0
funcprot,0.0
fvsolut,0.0
gain,0.0
gamg,0.0
gaussseidel,0.0
getvers,0.0
gmail,0.0
gmin,0.0
gokul,0.0
grep,0.0
handl,0.0
hasn,0.0
hithank,0.0
hmm,0.0
hydraulicjump,0.0
hypothet,0.0
icodyfoam,0.0
icodymfoam,0.0
imread,0.0
incorrect,0.0
increment,0.0
infect,0.0
inquiri,0.0
inspector,0.0
iostream,0.0
ip,0.0
june,0.0
kazam,0.0
kdb,0.0
kepsilon,0.0
keyword,0.0
kicadlibrari,0.0
kicadthen,0.0
kiway,0.0
kvl,0.0
lack,0.0
libboost,0.0
libc,0.0
libopenfoam,0.0
libseri,0.0
licens,0.0
lift,0.0
linuxgccdpint,0.0
liquidmul,0.0
liquidphas,0.0
ln,0.0
loadedperhap,0.0
lrt,0.0
ls,0.0
lstransportproperti,0.0
matplotlibinstal,0.0
mazhar,0.0
meanwhil,0.0
mergelevel,0.0
messagestart,0.0
mid,0.0
min,0.0
momentumpredictor,0.0
morev,0.0
motion,0.0
movement,0.0
mp,0.0
mtech,0.0
mule,0.0
mulescorr,0.0
nabort,0.0
nalphacorr,0.0
nalphasubcycl,0.0
nandasena,0.0
nashu,0.0
ncellsincoarsestlevel,0.0
ncorrector,0.0
ndid,0.0
nearer,0.0
nerror,0.0
ngit,0.0
nlimiterit,0.0
nnonorthogonalcorrector,0.0
noutercorrector,0.0
nsourc,0.0
numpyinstal,0.0
observ,0.0
ofus,0.0
ongo,0.0
ont,0.0
ontain,0.0
ontent,0.0
ontim,0.0
ontimerent,0.0
ontvlab,0.0
openfoamwiki,0.0
orologio,0.0
ostream,0.0
parti,0.0
pathspec,0.0
pbicg,0.0
pcg,0.0
pcorr,0.0
persist,0.0
plus,0.0
pointout,0.0
polar,0.0
polymesh,0.0
polymeshbash,0.0
polynomi,0.0
precondition,0.0
printcoeff,0.0
printscreen,0.0
printstack,0.0
problemnew,0.0
protocol,0.0
provis,0.0
pspice,0.0
quarzo,0.0
rajaneesh,0.0
ran,0.0
rasproperti,0.0
reachedrun,0.0
readm,0.0
recheck,0.0
recruit,0.0
redefin,0.0
redirect,0.0
redo,0.0
region,0.0
regist,0.0
regress,0.0
regul,0.0
reject,0.0
relaxationfactor,0.0
relay,0.0
reltol,0.0
repeat,0.0
res,0.0
reynold,0.0
rgh,0.0
rghfinal,0.0
rotuin,0.0
round,0.0
roundet,0.0
rst,0.0
rupak,0.0
rwxr,0.0
safer,0.0
samarendra,0.0
sbhs,0.0
sceat,0.0
schedul,0.0
sciflt,0.0
scourant,0.0
screencast,0.0
seader,0.0
ser,0.0
session,0.0
shamika,0.0
shekhar,0.0
shot,0.0
sighandl,0.0
simulationtyp,0.0
simulink,0.0
sincerelyjulio,0.0
sinusoid,0.0
slider,0.0
smoother,0.0
smoothsolv,0.0
snap,0.0
snapphexmeshdict,0.0
soundarrajan,0.0
splitter,0.0
stepnot,0.0
steppingsuppli,0.0
stepsuppli,0.0
steptri,0.0
stepwarn,0.0
strsplit,0.0
subdict,0.0
submodul,0.0
subtre,0.0
succeed,0.0
sum,0.0
symgaussseidel,0.0
thermo,0.0
thermodynam,0.0
thirti,0.0
thnks,0.0
tk,0.0
tload,0.0
toler,0.0
toolkit,0.0
toposetdict,0.0
tranform,0.0
tree,0.0
trice,0.0
trupti,0.0
trusti,0.0
tryng,0.0
twenti,0.0
ultim,0.0
undetermin,0.0
unrealist,0.0
unsign,0.0
upcom,0.0
useful,0.0
useimport,0.0
usual,0.0
ux,0.0
uy,0.0
uz,0.0
vin,0.0
virajbelekar,0.0
viscos,0.0
vlc,0.0
vout,0.0
wander,0.0
webpag,0.0
winderson,0.0
worspac,0.0
wouldn,0.0
xr,0.0
yogi,0.0
yourodney,0.0
yousam,0.0
zcalc,0.0
zcos,0.0
zener,0.0
ahead,-5.421010862427522e-20
arez,-5.421010862427522e-20
await,-5.421010862427522e-20
compulsori,-5.421010862427522e-20
eager,-5.421010862427522e-20
getd,-5.421010862427522e-20
kirchoff,-5.421010862427522e-20
lalit,-5.421010862427522e-20
law,-5.421010862427522e-20
multiphaseflow,-5.421010862427522e-20
ohm,-5.421010862427522e-20
sourceforg,-5.421010862427522e-20
strict,-5.421010862427522e-20
afternoon,-1.0842021724855044e-19
anerror,-1.0842021724855044e-19
bell,-1.0842021724855044e-19
copia,-1.0842021724855044e-19
dawid,-1.0842021724855044e-19
febbraio,-1.0842021724855044e-19
fuzzi,-1.0842021724855044e-19
king,-1.0842021724855044e-19
libraryload,-1.0842021724855044e-19
lussuoso,-1.0842021724855044e-19
miglior,-1.0842021724855044e-19
oyster,-1.0842021724855044e-19
paletteatomsload,-1.0842021724855044e-19
perpetu,-1.0842021724855044e-19
prodotti,-1.0842021724855044e-19
qualità,-1.0842021724855044e-19
roman,-1.0842021724855044e-19
ross,-1.0842021724855044e-19
scico,-1.0842021724855044e-19
scontocassa,-1.0842021724855044e-19
scontoorolog,-1.0842021724855044e-19
scs,-1.0842021724855044e-19
silver,-1.0842021724855044e-19
sod,-1.0842021724855044e-19
svizzera,-1.0842021724855044e-19
tnorm,-1.0842021724855044e-19
volt,-1.0842021724855044e-19
week,-1.0842021724855044e-19
xcospaladdblock,-1.0842021724855044e-19
lead,-1.6263032587282571e-19
clock,-1.6601845766184291e-19
docstr,-1.6601845766184291e-19
grclass,-1.6601845766184291e-19
numpyfrom,-1.6601845766184291e-19
preset,-1.6601845766184291e-19
automatico,-2.1684043449710093e-19
marcatura,-2.1684043449710093e-19
nihal,-2.1684043449710093e-19
def,-3.3203691532368573e-19
sig,-3.3203691532368573e-19
sync,-3.3203691532368573e-19
bandstop,-4.336808689942021e-19
barlett,-4.336808689942021e-19
blackman,-4.336808689942021e-19
cutoff,-4.336808689942021e-19
doesnot,-4.336808689942021e-19
eescheema,-4.336808689942021e-19
hai,-4.336808689942021e-19
kaiser,-4.336808689942021e-19
lipika,-4.336808689942021e-19
rd,-4.336808689942021e-19
realis,-4.336808689942021e-19
ur,-4.336808689942021e-19
wfir,-4.336808689942021e-19
slit,-4.607859233063394e-19
xnew,-5.421010862427522e-19
init,-6.471331717022857e-19
assimil,-6.5052130349130295e-19
comparison,-6.5052130349130295e-19
hierarch,-6.5052130349130295e-19
foamfil,-8.673617379884035e-19
ham,-8.673617379884035e-19
han,-8.673617379884035e-19
quot,-8.809142651444724e-19
aim,-1.3010426069826053e-18
anod,-1.3010426069826053e-18
cathod,-1.3010426069826053e-18
educ,-1.3010426069826053e-18
turbulenceproperti,-1.5178830414797062e-18
pyor,-1.734723475976807e-18
aerodynam,-1.843143693225357e-18
allmara,-1.843143693225357e-18
fledg,-1.843143693225357e-18
spalart,-1.843143693225357e-18
year,-1.843143693225357e-18
interv,-2.1684043449710093e-18
ota,-2.6020852139652106e-18
shubhankar,-2.6020852139652106e-18
startmodul,-2.6020852139652106e-18
swak,-2.6020852139652106e-18
len,-2.8528069663524847e-18
gowtham,-3.469446951953614e-18
enclosur,-3.686287386450715e-18
salom,-3.686287386450715e-18
solid,-3.686287386450715e-18
deactiv,-4.3368086899420185e-18
recycl,-5.204170427930421e-18
studio,-5.204170427930421e-18
tear,-5.204170427930421e-18
stil,-5.854691731421724e-18
vehicl,-6.722053469410128e-18
osdag,-6.938893903907228e-18
feedback,-1.3877787807814457e-17
abrir,-2.659641664203231e-05
carregado,-2.659641664203231e-05
diretório,-2.659641664203231e-05
encontradoat,-2.659641664203231e-05
foi,-2.659641664203231e-05
gateway,-2.659641664203231e-05
gf,-2.659641664203231e-05
libipopt,-2.659641664203231e-05
liblapack,-2.659641664203231e-05
objeto,-2.659641664203231e-05
ou,-2.659641664203231e-05
possivel,-2.659641664203231e-05
tart,-2.659641664203231e-05
compartilhado,-5.319283328406462e-05
arquivo,-7.978924992610026e-05
não,-7.978924992610026e-05
bzr,-9.555742996617712e-05
rev,-9.555742996617712e-05
element,-0.000111232460796
telegen,-0.000111232460796
dedic,-0.0001163712311654
insist,-0.0001163712311654
told,-0.0001163712311654
nb,-0.0001506145986451
ng,-0.0001506145986451
colormap,-0.000159988520738
einzuf,-0.000159988520738
gefunden,-0.000159988520738
meiner,-0.000159988520738
naus,-0.000159988520738
ndas,-0.000159988520738
ndaten,-0.000159988520738
ndurchgefahren,-0.000159988520738
nh,-0.000159988520738
nich,-0.000159988520738
nicht,-0.000159988520738
nleider,-0.000159988520738
nlevel,-0.000159988520738
nm,-0.000159988520738
nschwingungsmessung,-0.000159988520738
nsich,-0.000159988520738
nwerden,-0.000159988520738
nwert,-0.000159988520738
ny,-0.000159988520738
plotten,-0.000159988520738
rangehen,-0.000159988520738
schaff,-0.000159988520738
usw,-0.000159988520738
von,-0.000159988520738
kb,-0.0002224649215921
trail,-0.0002866722898985
fpf,-0.000319977041476
nclf,-0.000319977041476
ncontourf,-0.000319977041476
nfunction,-0.000319977041476
nz,-0.000319977041476
peak,-0.000319977041476
peakit,-0.000319977041476
visual,-0.0004145321501368
industri,-0.0004638880951693
platform,-0.0004638880951693
englishmax,-0.0004729891734861
frequenzi,-0.0004729891734861
maxim,-0.0004729891734861
shoult,-0.0004729891734861
valus,-0.0004729891734861
vibrat,-0.0004729891734861
nxset,-0.000479965562214
biggest,-0.0004927594722009
fds,-0.0004927594722009
fm,-0.0004927594722009
insur,-0.0004927594722009
frmag,-0.0004973700021043
lp,-0.0004973700021043
lpf,-0.0004973700021043
xtitl,-0.0004973700021043
screenshot,-0.0005058741956089
butt,-0.0005283252195469
sincerelymob,-0.0005628363236581
bhat,-0.0005815033239158
designig,-0.0006409108491631
cf,-0.0007280577658938
newtim,-0.0007280577658938
shear,-0.0007280577658938
simplefoam,-0.0007280577658938
solvernam,-0.0007280577658938
stress,-0.0007280577658938
creation,-0.0008076443466889
bottl,-0.0009459783469723
messdata,-0.0009459783469723
gca,-0.00095029217441
compani,-0.0009550031686821
logspac,-0.0009599311244281
geneva,-0.0009855189444019
grand,-0.0009855189444019
sprinkler,-0.0009855189444019
verdana,-0.0009855189444019
fr,-0.0009947400042087
hzm,-0.0009947400042087
omega,-0.0009947400042087
omegap,-0.0009947400042087
wp,-0.0009947400042087
ws,-0.0009947400042087
nclear,-0.0010094362739101
ns,-0.0010094362739101
nxgrid,-0.0010094362739101
shekarclc,-0.0010094362739101
yous,-0.0010094362739101
toolatomsinstal,-0.0010194860504674
butterworth,-0.0010566504390939
flipdim,-0.0010566504390939
iter,-0.0011309133786849
nx,-0.0012515213717002
ff,-0.001311740947749
kicadschematiclibrari,-0.001311740947749
smd,-0.001311740947749
unpolar,-0.001311740947749
spectrum,-0.0013837356938005
func,-0.0014561155317876
latesttim,-0.0014561155317876
postprocess,-0.0014561155317876
iir,-0.0014921100063131
dec,-0.0015246682864154
bellow,-0.0015999821034542
constraint,-0.0015999821034542
incorpor,-0.0015999821034542
knmin,-0.0015999821034542
minimis,-0.0015999821034542
minlp,-0.0015999821034542
meg,-0.001619560294647
npn,-0.001619560294647
rippl,-0.001699761763527
visibl,-0.001699761763527
rectangular,-0.0017194380137892
atomsinstal,-0.0017689970656251
center,-0.0017833428998608
clc,-0.0017904309516669
reload,-0.0018032281245843
pictur,-0.0018055512055278
zoom,-0.0018055512055278
converttomet,-0.001837325640814
edg,-0.001837325640814
fixedwal,-0.001837325640814
larg,-0.001837325640814
mergepatchpair,-0.001837325640814
magnitud,-0.0018591426196031
thankyou,-0.0018657306272077
invers,-0.0019005843488201
nend,-0.0019005843488201
blocksthen,-0.0019154570858383
blue,-0.0019154570858383
follw,-0.0019154570858383
firefoam,-0.0019710378888039
lucida,-0.0019710378888039
mix,-0.0019818496070619
oct,-0.0019914313786661
nfor,-0.0020188725478203
atomserror,-0.0020389721009348
nn,-0.0020511989474652
lenovo,-0.0021153736974384
newtonian,-0.0021153736974384
appear,-0.0023180657960446
capacitor,-0.0024177737310119
permiss,-0.0024767234412263
doc,-0.0025710759128207
assert,-0.0025710759128208
bash,-0.0025710759128208
generallanguag,-0.0025710759128208
gras,-0.0025710759128208
mkdir,-0.0025710759128208
modtool,-0.0025710759128208
radio,-0.0025710759128208
sphere,-0.0026146344582094
uri,-0.002623481895498
stack,-0.0026682529161951
comp,-0.0027134404993749
libsourc,-0.0027134404993749
buildmkdir,-0.0027310940353573
cmakelist,-0.0027310940353573
deniedmak,-0.0027310940353573
denter,-0.0027310940353573
directoryvlab,-0.0027310940353573
dlink,-0.0027310940353573
existsvlab,-0.0027310940353573
foundvlab,-0.0027310940353573
libgnuradio,-0.0027310940353573
nad,-0.0027310940353573
nadd,-0.0027310940353573
olink,-0.0027310940353573
sourceun,-0.0027310940353573
ambient,-0.0027773635690209
complex,-0.0027773635690209
cryogen,-0.0027773635690209
evacu,-0.0027773635690209
gaseous,-0.0027773635690209
layer,-0.0027773635690209
shape,-0.0027773635690209
amplitud,-0.0027911366734428
alloc,-0.0028343191221647
asterisk,-0.0028343191221647
dimensionsalso,-0.0028343191221647
transpos,-0.0028343191221647
channel,-0.0029562879714839
laminar,-0.0029661959025378
blobanalysi,-0.0029901003046612
yes,-0.003011476863222
dft,-0.0030283088217305
gnn,-0.0030283088217305
nsubplot,-0.0030283088217305
nxtitl,-0.0030283088217305
atomsinstalllist,-0.0030584581514022
fot,-0.0030584581514022
optim,-0.0030625506109928
graphb,-0.0030822066314465
mandelbrot,-0.0030822066314465
weierstrass,-0.0030822066314465
epsilon,-0.0031823119590338
limit,-0.003186595248678
ihk,-0.0031999642069084
lkhk,-0.0031999642069084
rib,-0.0031999642069084
green,-0.0032003932297963
fourier,-0.0032364128357541
explicit,-0.003333811098492
jonathan,-0.0033547712625853
conductivitymodel,-0.0033803720717169
constructor,-0.0033803720717169
ddtub,-0.0033803720717169
disallow,-0.0033803720717169
euler,-0.0033803720717169
frictionalstressmodel,-0.0033803720717169
geomesh,-0.0033803720717169
gidaspow,-0.0033803720717169
granularpressuremodel,-0.0033803720717169
hrenyasinclair,-0.0033803720717169
ioobject,-0.0033803720717169
johnsonjackson,-0.0033803720717169
liftmodel,-0.0033803720717169
liftphas,-0.0033803720717169
lninclud,-0.0033803720717169
lun,-0.0033803720717169
modifiedsuggest,-0.0033803720717169
nueffb,-0.0033803720717169
nutb,-0.0033803720717169
optiplex,-0.0033803720717169
patchfield,-0.0033803720717169
phib,-0.0033803720717169
radialmodel,-0.0033803720717169
readifpres,-0.0033803720717169
syamlal,-0.0033803720717169
testcas,-0.0033803720717169
transportproperti,-0.0033803720717169
viscositymodel,-0.0033803720717169
fb,-0.0034321480873381
switch,-0.0034321480873381
cpp,-0.0034890199434948
diverg,-0.0035413001851471
dx,-0.0035413001851471
runtim,-0.0035413001851471
config,-0.003563564863856
foo,-0.003563564863856
hmmn,-0.003563564863856
iirc,-0.003563564863856
installdir,-0.003563564863856
laid,-0.003563564863856
nsi,-0.003563564863856
privileg,-0.003563564863856
screwi,-0.003563564863856
spit,-0.003563564863856
stock,-0.003563564863856
wherea,-0.003563564863856
effici,-0.0035982812017744
jenkin,-0.003706168888054
msys,-0.003706168888054
stabl,-0.003706168888054
ca,-0.0037132122503551
contoldict,-0.0037132122503551
pattern,-0.0037132122503551
plese,-0.0037132122503551
signific,-0.0037132122503551
receiv,-0.0037681870490993
strang,-0.0038259003236211
privilegesudo,-0.0038309141716767
singh,-0.0038937844290113
pwr,-0.0039256533764572
sheetpath,-0.0039352228432471
dat,-0.0039988115501464
densiti,-0.0039988115501464
integr,-0.0039988115501464
regardssubhankar,-0.0039988115501464
umax,-0.0039988115501464
pcbnew,-0.0040188790021298
characterist,-0.00403215056299
freq,-0.00403215056299
functionregardsrajaneesh,-0.00403215056299
highest,-0.00403215056299
stabil,-0.00403215056299
transfer,-0.00403215056299
ndisp,-0.0040377450956407
ao,-0.0040640159637487
até,-0.0040640159637487
cada,-0.0040640159637487
dividir,-0.0040640159637487
em,-0.0040640159637487
iguai,-0.0040640159637487
inici,-0.0040640159637487
iteração,-0.0040640159637487
somado,-0.0040640159637487
valor,-0.0040640159637487
cwt,-0.0041361250268853
dwt,-0.0041361250268853
rawat,-0.0041361250268853
thanksregardsaseem,-0.0041361250268853
wavedec,-0.0041361250268853
poros,-0.0042307473948769
http,-0.0043238637027297
vcc,-0.0043930582139373
melt,-0.0044458236739226
al,-0.004511730580363
hz,-0.0045176974907704
syntax,-0.0047026333061549
word,-0.0047026333061549
ahnung,-0.0047449814379589
anzahl,-0.0047449814379589
aus,-0.0047449814379589
beif,-0.0047449814379589
bereich,-0.0047449814379589
besser,-0.0047449814379589
chte,-0.0047449814379589
dankbar,-0.0047449814379589
das,-0.0047449814379589
dass,-0.0047449814379589
dort,-0.0047449814379589
drehzahl,-0.0047449814379589
einem,-0.0047449814379589
eur,-0.0047449814379589
flaschen,-0.0047449814379589
flaschentransportmaschin,-0.0047449814379589
frequenz,-0.0047449814379589
hallo,-0.0047449814379589
handelt,-0.0047449814379589
hilf,-0.0047449814379589
kein,-0.0047449814379589
komplett,-0.0047449814379589
leider,-0.0047449814379589
liegt,-0.0047449814379589
nf,-0.0047449814379589
noch,-0.0047449814379589
projekt,-0.0047449814379589
richtung,-0.0047449814379589
sehr,-0.0047449814379589
sie,-0.0047449814379589
sollen,-0.0047449814379589
verstehen,-0.0047449814379589
vll,-0.0047449814379589
wollt,-0.0047449814379589
xf,-0.0047449814379589
xfcck,-0.0047449814379589
xfcr,-0.0047449814379589
zu,-0.0047449814379589
zusammen,-0.0047449814379589
afraid,-0.0047507862772739
contourf,-0.0047832876242267
blockag,-0.0047981427681856
newton,-0.0047981427681856
ratio,-0.0047981427681856
interpln,-0.0047999463103627
nmin,-0.0047999463103627
furthermor,-0.0048130772098032
tic,-0.0048130772098032
toc,-0.0048130772098032
wrote,-0.0048130772098032
den,-0.0048312967671963
bjt,-0.004858680883941
anlag,-0.004880310148963
bis,-0.004880310148963
darstellen,-0.004880310148963
daten,-0.004880310148963
durchf,-0.004880310148963
durchgefahren,-0.004880310148963
einzubinden,-0.004880310148963
gelingt,-0.004880310148963
jetzt,-0.004880310148963
mir,-0.004880310148963
nal,-0.004880310148963
schwingungsmessung,-0.004880310148963
sich,-0.004880310148963
wert,-0.004880310148963
xfchren,-0.004880310148963
xfcgen,-0.004895596036604
coulumnvalu,-0.0049953148831072
filenam,-0.0049953148831072
seperat,-0.0049953148831072
kept,-0.0050634855944809
afor,-0.0051126325729473
analys,-0.0051126325729473
bfor,-0.0051126325729473
endroutin,-0.0051126325729473
faster,-0.0051126325729473
grayscal,-0.0051126325729473
quicker,-0.0051126325729473
allowsystemoper,-0.0051737433377
nproc,-0.0051737433377
timestampmast,-0.0051737433377
db,-0.0052246409286699
libpart,-0.0052469637909961
passiv,-0.0052469637909961
taken,-0.0053648853099568
frequenc,-0.005380984357512
kavya,-0.0054125393227338
middl,-0.0054125393227338
buildvlab,-0.0054621880707146
modtooladd,-0.0054621880707146
qa,-0.0054621880707146
swigpython,-0.0054621880707146
wrap,-0.0054621880707146
coeff,-0.0055117537495605
immedi,-0.005540962389376
boost,-0.0055460862629013
play,-0.0055460862629013
notic,-0.0056190045017875
stacksiz,-0.0056686382443295
const,-0.0057218842999887
incomplet,-0.0057347120290417
png,-0.0057622227252861
thx,-0.0057622227252861
discret,-0.0057943687778314
align,-0.0058032327893916
pc,-0.0058175365018541
exponenti,-0.0058341676872302
givencan,-0.0058341676872302
rifl,-0.0058341676872302
fast,-0.005877379701164
ctrl,-0.0058912625009073
destop,-0.0058912625009073
disconnect,-0.0058912625009073
headphon,-0.0058912625009073
moder,-0.0058912625009073
netbookyour,-0.0058912625009073
glucos,-0.005969840164024
popup,-0.005969840164024
cmd,-0.0059820699595709
zone,-0.0059862266447247
earlier,-0.0060509058348497
mar,-0.0060761852486016
advancem,-0.0061208508223951
codefunct,-0.0061208508223951
jpg,-0.0061208508223951
sleep,-0.0061208508223951
sprintf,-0.0061208508223951
xs,-0.0061208508223951
yep,-0.0061208508223951
porpos,-0.0061796072070295
demo,-0.0062404080132552
parabol,-0.0062466882413407
goenka,-0.0062517706082641
gurgaon,-0.0062517706082641
hie,-0.0062517706082641
soegd,-0.0062517706082641
tanejab,-0.0062517706082641
tech,-0.0062517706082641
clfas,-0.0063248583281008
corner,-0.0063248583281008
franc,-0.0063248583281008
japan,-0.0063248583281008
major,-0.0063248583281008
mh,-0.0063248583281008
pari,-0.0063248583281008
tokyo,-0.0063248583281008
tooltipstr,-0.0063248583281008
ui,-0.0063248583281008
uicontrol,-0.0063248583281008
width,-0.0063248583281008
xc,-0.0063248583281008
cfdtool,-0.0063587962541985
cs,-0.0063587962541985
dl,-0.0063587962541985
exitingpleas,-0.0063587962541985
gread,-0.0063587962541985
hcreat,-0.0063587962541985
hrefcalcul,-0.0063587962541985
hydraulicjumpnproc,-0.0063587962541985
inflow,-0.0063587962541985
interfoamd,-0.0063587962541985
kappa,-0.0063587962541985
meshwavespalartallmarascoeff,-0.0063587962541985
moderead,-0.0063587962541985
mrfpropertiesno,-0.0063587962541985
mxel,-0.0063587962541985
patchdistmethod,-0.0063587962541985
phiread,-0.0063587962541985
potentialfoam,-0.0063587962541985
rasselect,-0.0063587962541985
rghread,-0.0063587962541985
sigmanut,-0.0063587962541985
spalartallmarasselect,-0.0063587962541985
surfacescalarfield,-0.0063587962541985
timecr,-0.0063587962541985
timestampmasterallowsystemoper,-0.0063587962541985
transportpropertiesselect,-0.0063587962541985
uread,-0.0063587962541985
volscalarfield,-0.0063587962541985
volvectorfield,-0.0063587962541985
beta,-0.0063646239180677
cutv,-0.0063999284138169
endi,-0.0063999284138169
totpro,-0.0063999284138169
gb,-0.0064066423402403
pars,-0.0064361704487714
effect,-0.0064771357622398
transform,-0.0065711159178441
affect,-0.0066106296952647
enlighten,-0.0066106296952647
mitig,-0.0066106296952647
nbegin,-0.0066106296952647
ni,-0.0066106296952647
nin,-0.0066106296952647
npleas,-0.0066106296952647
nquick,-0.0066106296952647
nthere,-0.0066106296952647
nthis,-0.0066106296952647
nunplug,-0.0066106296952647
fieldaverag,-0.0067607441434339
geometricfield,-0.0067607441434339
multiphaseeulerfoam,-0.0067607441434339
fortran,-0.0067713521878839
imf,-0.0067713521878839
meta,-0.0067713521878839
analysisinsert,-0.006816395579336
anoop,-0.006816395579336
boss,-0.006816395579336
convertgui,-0.006816395579336
pageon,-0.006816395579336
parser,-0.006816395579336
qtgui,-0.006816395579336
qwidget,-0.006816395579336
wxwidget,-0.006816395579336
gcf,-0.0069045693574204
cfd,-0.006940100201406
admin,-0.0071271297277121
tough,-0.0071281587204051
dataset,-0.0071887778199802
annot,-0.0072521315267005
anipul,-0.0073521269718118
ield,-0.0073521269718118
perat,-0.0073521269718118
mana,-0.0074261983783814
catch,-0.0074261983783814
technic,-0.007440009647608
csv,-0.0074540035960596
yosemit,-0.0074778884569239
mainview,-0.0075214020121173
projdir,-0.0075214020121173
index,-0.0075871689639492
modulo,-0.0075871689639493
num,-0.0076121014087958
hostnam,-0.0076507550796364
installent,-0.0076507550796364
mahesh,-0.0076507550796364
mv,-0.0076507550796364
rm,-0.0076507550796364
stat,-0.0076507550796364
thorugh,-0.0076507550796364
usernam,-0.0076507550796364
battoexeconvert,-0.0076756527969062
closs,-0.0076756527969062
com,-0.0076756527969062
impl,-0.0077132277384624
forcecoeff,-0.0077473790732804
administr,-0.0078662468616367
st,-0.0078767387255376
especi,-0.0078883886685112
everytim,-0.0078883886685112
proof,-0.0078883886685112
reset,-0.0078883886685112
temporari,-0.0078883886685112
usb,-0.0078883886685112
whatev,-0.0078883886685112
wait,-0.0079030595208254
buildashu,-0.0079116204688192
counterscmak,-0.0079116204688192
countersmak,-0.0079116204688192
stegano,-0.0079281138061158
tstamp,-0.0079604042903711
mrf,-0.0079776580233909
diamet,-0.0079976231002928
cutvp,-0.0079999105172712
rid,-0.0079999105172712
semest,-0.0080593777100717
zerosir,-0.0080593777100717
grafico,-0.0081280319274974
ab,-0.0083129447853526
tank,-0.0083320907070627
everyon,-0.0083654359571685
dnt,-0.008388950763603
th,-0.008388950763603
pisofoam,-0.0084720434740964
ation,-0.0084853021060422
cr,-0.0084853021060422
est,-0.0084853021060422
la,-0.0084853021060422
merci,-0.0084853021060422
dot,-0.0087203851377664
pimpl,-0.0087636703727075
peroid,-0.0088916473478453
joshi,-0.0089084795486667
automat,-0.0089092670970139
slumpcon,-0.0089110606494097
symmetri,-0.0089110606494097
forgotten,-0.0089438863946701
vidyut,-0.0089438863946701
everyth,-0.0089448786913426
ascii,-0.0089899448450732
quick,-0.0090340227291195
pro,-0.0090709010550146
friction,-0.0092251505166186
skin,-0.0092251505166186
cad,-0.0092539383454148
um,-0.0093393482772728
wie,-0.0093393482772728
keybord,-0.0093774764388755
mainten,-0.0094298144490182
pons,-0.0094298144490182
pour,-0.0094298144490182
votr,-0.0094298144490182
author,-0.0094549086193468
achs,-0.0094899628759179
bei,-0.0094899628759179
gemacht,-0.0094899628759179
wird,-0.0094899628759179
ist,-0.0094974604745286
consequ,-0.0095015883113769
lost,-0.0095015883113769
moment,-0.0095015883113769
overwritten,-0.0095015883113769
soooo,-0.0095015883113769
workaround,-0.0095015883113769
patienc,-0.0095962804784366
fensk,-0.0095998926207254
lk,-0.0095998926207254
rlk,-0.0095998926207254
totv,-0.0095998926207254
habe,-0.009640577474563
,-0.0096765061427907
expos,-0.0098298831600809
skill,-0.0098298831600809
codenam,-0.0099285730513586
foss,-0.0099285730513586
fri,-0.0099285730513586
gcc,-0.0099285730513586
kernel,-0.0099285730513586
laptopth,-0.0099285730513586
lite,-0.0099285730513586
preempt,-0.0099285730513586
smp,-0.0099285730513586
sourceri,-0.0099285730513586
srikant,-0.0099285730513586
trustydistrib,-0.0099285730513586
ubuntudistrib,-0.0099285730513586
finit,-0.0099690894020571
suppli,-0.0099725912357993
header,-0.0099906297662145
ngate,-0.0099998064469077
nmistak,-0.0099998064469077
nsend,-0.0099998064469077
nwhile,-0.0099998064469077
makescan,-0.0100197970119477
hkcu,-0.0100643137877559
sarojdip,-0.0101411162151509
es,-0.0102387314139881
internalfield,-0.0102520165515419
tauw,-0.0102520165515419
lin,-0.0102593477910205
opinion,-0.0102602118925168
addint,-0.0102787506498321
directoryaddint,-0.0102787506498321
directorylink,-0.0102787506498321
liboverload,-0.0102787506498321
mpath,-0.0102787506498321
ulink,-0.0102787506498321
unload,-0.0102787506498321
detect,-0.0103074679657964
peng,-0.0104275845318767
pfr,-0.0104275845318767
robinson,-0.0104275845318767
fp,-0.0104939275819923
mentiion,-0.0105244892210696
orels,-0.0105244892210696
sigma,-0.0105244892210696
tension,-0.0105244892210696
eda,-0.0105454353769413
ngpice,-0.0105454353769413
orcad,-0.0105454353769413
rais,-0.0106023521241265
gnu,-0.0106498998264466
filemodificationcheck,-0.0106671632767285
pid,-0.0106671632767285
trap,-0.0106671632767285
dictionari,-0.0106903489115697
tl,-0.0106906945915683
certain,-0.0107509647502162
junction,-0.0107974165473241
phonet,-0.0108362052303723
aircraft,-0.01089786708319
approx,-0.01089786708319
colcomp,-0.01089786708319
compens,-0.01089786708319
dof,-0.01089786708319
perturb,-0.01089786708319
theori,-0.01089786708319
oscad,-0.010901806453046
note,-0.0109050904977632
flag,-0.0109255051139186
classif,-0.0109489821520433
pertain,-0.0109489821520433
bound,-0.0109596167963964
goe,-0.0109596167963964
amol,-0.0110159950914199
descript,-0.0110317300404906
wallshearstress,-0.011190551891479
hk,-0.0111998747241796
mwt,-0.0111998747241796
pinit,-0.0111998747241796
sg,-0.0111998747241796
heard,-0.0112476429564239
tcb,-0.0112476429564239
nendfunct,-0.0112608459936866
reach,-0.0114048929587077
ceil,-0.0114264712235918
requir,-0.0114425566130352
ras,-0.0114437685999774
pass,-0.0115739145341695
analyz,-0.0115999013746924
csim,-0.0116417192947062
infin,-0.0116417192947062
poli,-0.0116417192947062
satisfact,-0.0116417192947062
syslin,-0.0116417192947062
textfil,-0.0116683353744604
bodi,-0.0116768805800479
initialis,-0.0117484493700109
touchpad,-0.011771870863864
alsamix,-0.0117825250018146
arrow,-0.0117825250018146
dacl,-0.0117825250018146
dacr,-0.0117825250018146
turbul,-0.0118615568021613
mat,-0.0119476715708547
pm,-0.0119476715708547
scienc,-0.0119476715708547
thursday,-0.0119476715708547
instruct,-0.011980249030767
buzzer,-0.0119990345003305
gerber,-0.0119990345003305
connecttosnw,-0.0120027718426752
openkicadtongspic,-0.0120027718426752
projmanag,-0.0120027718426752
qt,-0.0120027718426752
sni,-0.0120027718426752
snw,-0.0120027718426752
statusnotifieritemfactori,-0.0120027718426752
void,-0.0120027718426752
col,-0.0122417016447902
eras,-0.0122417016447902
maxtim,-0.0122417016447902
plote,-0.0122417016447902
sol,-0.0122417016447902
devand,-0.0122690644638868
libopenmpi,-0.0122690644638868
mis,-0.0122690644638868
mpi,-0.0122690644638868
openmpi,-0.0122690644638868
setfieldsdict,-0.0123218537800381
abdul,-0.0124061177836279
incompat,-0.0124061177836279
vec,-0.0124061177836279
pi,-0.0125443641510799
piso,-0.0125706561807495
param,-0.0126497166562016
singapour,-0.0126497166562016
ut,-0.0126497166562016
drive,-0.0126511156360562
guy,-0.012679189601915
cb,-0.012717592508397
cw,-0.012717592508397
newtonianselect,-0.012717592508397
open,-0.0127385025314151
err,-0.0127998568276339
fi,-0.0127998568276339
rhk,-0.0127998568276339
map,-0.0128340293372549
vlab,-0.012855379564104
absolut,-0.0129550046729122
dowload,-0.0129578227124722
git,-0.0130481540237929
mirror,-0.0130940488259726
googl,-0.0130940488259726
transport,-0.0133472615039984
nueffa,-0.0135214882868679
lcc,-0.0135427043757679
makefil,-0.0135427043757679
mo,-0.0135427043757679
fft,-0.0135436348369041
www,-0.0135859808404701
signal,-0.0136043549564135
ein,-0.0136063515825219
configpars,-0.013632791158672
gridsize,-0.013632791158672
json,-0.013632791158672
nosectionerror,-0.013632791158672
damp,-0.0136521146183885
distort,-0.0136521146183885
cxx,-0.0136554701767867
appropri,-0.0138389691208676
alt,-0.0138818276021114
cool,-0.0139089936897495
describ,-0.0139089936897495
rotat,-0.0139089936897495
suspend,-0.0139089936897495
nbt,-0.0139543962039644
breakpoint,-0.014054142036729
ide,-0.014054142036729
car,-0.0140593312448044
pallet,-0.0140593312448044
saw,-0.0140593312448044
throttl,-0.0140593312448044
torqu,-0.0140593312448044
werden,-0.0140843297152317
aufgetragen,-0.0142349443138768
soll,-0.0142349443138768
glad,-0.0142625370473498
asap,-0.0142666081186376
drum,-0.014294066190206
rang,-0.0143819234825231
ebp,-0.0143998389310881
threshold,-0.0144392316294097
cos,-0.0146007608034835
var,-0.0146542860988616
stl,-0.0148358968059224
cylindertocel,-0.0149671376196817
displac,-0.0149671376196817
foamer,-0.0149671376196817
setfield,-0.0149671376196817
exit,-0.0149887486824942
ngspiceeditor,-0.0150428040242346
decreas,-0.015056572960587
ki,-0.0150623720526609
atmospher,-0.0150778935361879
velocitycomponentlaplaciancoeff,-0.0150778935361879
login,-0.015079069105156
coep,-0.0151245115277748
vertic,-0.0151506969518483
incompress,-0.0152507544080194
submiss,-0.015267738985274
undertak,-0.015267738985274
fname,-0.0153056782394218
patho,-0.0153056782394218
snappyhexmesh,-0.015387289928297
analisi,-0.015390231025023
dimensiol,-0.015390231025023
directon,-0.015390231025023
graf,-0.015390231025023
mesag,-0.015390231025023
nag,-0.015390231025023
sweep,-0.015390231025023
thanksmatjaz,-0.015390231025023
vr,-0.015390231025023
vsourc,-0.015390231025023
height,-0.0154149095483016
nplot,-0.0154256411342143
recogn,-0.0155068018920022
improfil,-0.0155962636079808
text,-0.0156546418979961
advantag,-0.0156610729630808
internship,-0.0156610729630808
bare,-0.0157911284626325
bareboard,-0.0157911284626325
cost,-0.0157911284626325
flipkart,-0.0157911284626325
mumbai,-0.0157911284626325
opensourc,-0.0157911284626325
pcbpower,-0.0157911284626325
solder,-0.0157911284626325
uno,-0.0157911284626325
vari,-0.0157911284626325
linker,-0.0158232409376385
month,-0.015828960411211
averag,-0.0159041250512222
mechan,-0.0159216155073844
multibodi,-0.0159216155073844
maxima,-0.0159438820515799
cir,-0.0160380982905047
tau,-0.0160736930237364
baffl,-0.0160981593002602
youtub,-0.0160981593002602
gmsh,-0.0160981593002602
stuck,-0.0161124645842421
uncontrol,-0.0162073920210514
ipd,-0.016223192534766
item,-0.016223192534766
anticip,-0.0162435545044918
fim,-0.0162560638549948
isfil,-0.0162582700644269
nyou,-0.0162582700644269
true,-0.0162660678629424
miss,-0.0163801682674356
contribut,-0.0163845906944951
job,-0.0163845906944951
origin,-0.0164084746631816
divis,-0.0164471649201295
mention,-0.0165573039337949
nitrogen,-0.0166641814141254
ddtua,-0.0169018603585849
dragphasea,-0.0169018603585849
phia,-0.0169018603585849
ura,-0.0169018603585849
count,-0.0169390283673075
need,-0.0170236033301313
invalid,-0.017051254128889
post,-0.0170595908087883
leohpaz,-0.0170740844034935
apr,-0.0170994069825867
createbaffledict,-0.0171000734073764
easier,-0.0171000734073764
lcpc,-0.0171152690208401
member,-0.0171152690208401
uni,-0.0171152690208401
blobstatist,-0.0172328884360099
boundingbox,-0.0172328884360099
pixel,-0.0172328884360099
django,-0.0174043316630091
employ,-0.0174043316630091
fanci,-0.0174043316630091
opportun,-0.0174043316630091
suitabl,-0.0174043316630091
wavelet,-0.0174981393854248
guid,-0.0175182791361204
str,-0.0175685867865675
behaviour,-0.0175715276346304
captur,-0.0175715276346304
eulerian,-0.0175715276346304
kharagpur,-0.0175715276346304
track,-0.0175715276346304
vof,-0.0175715276346304
opamp,-0.0175918694041323
navig,-0.0176737875027219
electr,-0.0180030962769167
late,-0.0180684626982557
accord,-0.0181991385253827
match,-0.0182217928051711
dwxmz,-0.0183169798888304
petroleum,-0.0183169798888304
bounc,-0.0183625524671854
dict,-0.0183802287529856
keyerror,-0.0183802287529856
projectnam,-0.0183802287529856
abstract,-0.0184397947816896
integ,-0.0185037500938821
harish,-0.0186242877508266
bubbleintertrackfoam,-0.0186819624514599
freesurfac,-0.0186819624514599
freesurfaceshadow,-0.0186819624514599
surfacetrack,-0.0186819624514599
thanx,-0.0186819624514599
main,-0.0187053621483449
import,-0.0188153557337547
und,-0.0188293111531907
bring,-0.0188603192017751
book,-0.0188845477965108
countri,-0.0189745749843024
town,-0.0189745749843024
adjustphi,-0.0190763887625956
empti,-0.0192436124933325
sketch,-0.019319658759333
multi,-0.0195240942737256
printer,-0.0195571133007214
drawn,-0.0196422818493883
shemat,-0.0196422818493883
malici,-0.0198206658290042
narval,-0.0198206658290042
wireless,-0.0198206658290042
distrib,-0.0198571461027172
accident,-0.0198960146262046
larger,-0.0199044954877391
cmakefil,-0.0200395940238954
dir,-0.0200395940238954
balanceda,-0.020075029582334
cycl,-0.020075029582334
fuel,-0.020075029582334
manger,-0.020075029582334
plant,-0.020075029582334
rankin,-0.020075029582334
slight,-0.020075029582334
thermal,-0.020075029582334
dragmodel,-0.0202822324303019
tsuchiya,-0.0202822324303019
argument,-0.0203035224289673
docum,-0.0203140565636519
jalpa,-0.0203140565636519
tmp,-0.0203140565636519
flat,-0.0203210493063888
formula,-0.0204222324624536
endfunct,-0.0204488949063863
wx,-0.0204491867380081
bitbucket,-0.0204843438578019
privat,-0.0204843438578019
repo,-0.0204843438578019
matric,-0.020518695582041
sigfp,-0.0205698253978353
xe,-0.0205965949671445
distil,-0.0207036073474011
dollar,-0.0207189319257708
ag,-0.0207743051140827
clientsudo,-0.0207743051140827
studentyou,-0.0207743051140827
usermod,-0.0207743051140827
dcm,-0.0208248410564016
secbut,-0.0208305294503954
secstep,-0.0208305294503954
secstop,-0.0208305294503954
pyqt,-0.0209021392293083
dan,-0.0209227179743864
mathemat,-0.0211330216548111
subject,-0.0211330216548111
dumb,-0.0211342989143382
outsid,-0.0211342989143382
akshaya,-0.0212539793521599
inconveni,-0.0212539793521599
regret,-0.0212539793521599
coder,-0.0212742815538216
keyboard,-0.021283441407943
troubleshoot,-0.0213612901876137
ndo,-0.021589073286216
npython,-0.021589073286216
karthik,-0.021675580989095
scalib,-0.0217128429921549
auto,-0.0217788142483323
erc,-0.0218399139380489
situat,-0.0218817055699257
excel,-0.0218950337980008
concentr,-0.0219536080629518
impli,-0.0219536080629518
identifi,-0.0220148563559692
hex,-0.022047907689769
simplegrad,-0.022047907689769
verifi,-0.0220692419441788
centroid,-0.0221177274491229
sip,-0.0221209334632226
password,-0.0221570372835869
problemx,-0.0221700542605928
numpi,-0.0223579335320136
oterwis,-0.0223903041585921
reciproc,-0.0223903041585921
theorem,-0.0223903041585921
calc,-0.0223997494483593
vignesh,-0.022443059217386
enthusiast,-0.0224482945457686
intuit,-0.0224482945457686
prashant,-0.0224482945457686
programm,-0.0225632450110799
chromium,-0.0226863404303212
shell,-0.0226863404303212
twice,-0.0227058161105855
welcom,-0.0227080796609392
branch,-0.022720408078099
exceed,-0.0227342456602492
cascad,-0.0227587873462169
fir,-0.0227587873462169
realize,-0.0227587873462169
overload,-0.0228858240284022
compat,-0.0228982062368053
napplic,-0.0229327298298977
nhas,-0.0229327298298977
ninstal,-0.0229327298298977
nit,-0.0229327298298977
nlocat,-0.0229327298298977
nsure,-0.0229327298298977
hardwar,-0.0229716214941814
languag,-0.0231123807596277
schemat,-0.0231308452438757
correl,-0.0231342798531058
kinchin,-0.0231342798531058
road,-0.0231342798531058
weiner,-0.0231342798531058
relev,-0.0231813939138581
temptf,-0.0232834385894125
parvesh,-0.0234504726998581
benzen,-0.0234895141416711
instructor,-0.0234895141416711
cld,-0.0235650500036292
mixer,-0.0235650500036292
delet,-0.0236141448785834
speed,-0.0236393047763843
newbi,-0.0236776979888457
traceback,-0.023702236189497
die,-0.0237249071897948
sandhipro,-0.0237348614064578
string,-0.0238171087320416
ich,-0.0238755217884399
opt,-0.0239172837930315
gupta,-0.0239431142614284
sanchit,-0.0239431142614284
kicadtongspiceeditor,-0.0240055436853504
likehost,-0.0240883240511009
maco,-0.0240883240511009
vijay,-0.0240883240511009
hide,-0.0241213807057018
kde,-0.0241213807057018
thankskavya,-0.0241213807057018
io,-0.0241306802429083
particular,-0.0242615116039053
root,-0.0243092008887356
independ,-0.0243626851336641
doubl,-0.0243696032698979
surfac,-0.0243758957519338
accomplish,-0.0244013248042972
instrument,-0.0244013248042972
processor,-0.0244013248042972
texa,-0.0244013248042972
tms,-0.0244013248042972
va,-0.0244834032895805
vb,-0.0244834032895805
xa,-0.0244834032895805
lsb,-0.0245258040271667
proc,-0.0245258040271667
interfoam,-0.0245329489926989
cd,-0.0245382511833878
logflag,-0.0245575686121766
categori,-0.0245955483385091
entir,-0.0248081734028507
xx,-0.0248122355672558
patch,-0.0251641422305953
canopi,-0.0252082045559104
ah,-0.0252332362667306
confus,-0.0252332362667306
weird,-0.0252332362667306
foam,-0.0252941625978681
csvwrite,-0.0253148104335791
outflow,-0.0254351850167941
supplier,-0.0256406826541433
biodiesel,-0.0256504303381422
electrolyt,-0.0256504303381422
tell,-0.0257976750906016
nwindow,-0.0257991958465886
grey,-0.025929101750214
inde,-0.0260970706453078
tinker,-0.0260970706453078
thanksnaren,-0.0263521796734122
navdeep,-0.0264179279081143
amp,-0.0265196954684091
forget,-0.0265196954684091
op,-0.0265196954684091
diod,-0.0265617293065166
wave,-0.0266182889364199
graphic,-0.0268711914601971
px,-0.0269831151019228
bio,-0.0270150963300947
dual,-0.0270150963300947
gz,-0.0270150963300947
mb,-0.0270150963300947
rootf,-0.0270150963300947
vfat,-0.0270150963300947
rlc,-0.0270854087515359
multiphas,-0.0272637501879451
swig,-0.0273109403535734
icofoam,-0.0273916120706748
endth,-0.0274516339729128
schema,-0.0274516339729128
resistor,-0.0274905857801423
mk,-0.0275235975807644
monoframework,-0.0275235975807644
pkg,-0.0275235975807644
skype,-0.0275754113246359
train,-0.0275754113246359
literatur,-0.02764306989611
pl,-0.0278008671825167
fals,-0.0279641760001378
stimul,-0.0279794318034282
earliest,-0.0280579133783626
fluent,-0.0281125996019964
packet,-0.0281147977231842
wire,-0.0281560010594692
special,-0.0282008901230488
sampl,-0.0284019889228698
prepar,-0.0284096527529539
basucfd,-0.0284096527529539
regardssubhasre,-0.0284096527529539
feed,-0.0284201466987572
server,-0.0284201466987572
slot,-0.0284201466987572
der,-0.0284698886277537
happili,-0.0285509365701518
lose,-0.0285509365701518
lte,-0.0285854987173806
opencv,-0.0285854987173806
soft,-0.0285854987173806
overrid,-0.028588132380412
hybrid,-0.0286989518889002
abovextitl,-0.0287351914816668
arbitrari,-0.0287351914816668
blanki,-0.0287351914816668
chanyau,-0.0287351914816668
ua,-0.0288363654025627
thousand,-0.0288408933175472
xb,-0.028937875578406
ethernet,-0.0291185526807272
regardsrajaneesh,-0.0291185526807272
ch,-0.0293279500941821
govern,-0.029363513903175
ignit,-0.029363513903175
survey,-0.029363513903175
popul,-0.0294497826289199
sch,-0.0295775359239077
begin,-0.0297221354646137
anylong,-0.0298622661075636
apolog,-0.0298622661075636
lubuntu,-0.0298622661075636
ma,-0.0298622661075636
regardssébastien,-0.0298622661075636
scf,-0.0298622661075636
symbol,-0.0299106281378774
uniform,-0.0301185973123335
movingwal,-0.0301557870723759
partialslip,-0.0301557870723759
valuefract,-0.0301557870723759
span,-0.0301560494260639
white,-0.0301560494260639
gatewaysload,-0.0301560494260639
ok,-0.0301560494260639
ashu,-0.0302490230555497
freeeda,-0.0302866388428173
circl,-0.0306042541119757
small,-0.030668615459885
dt,-0.0306687527503987
cylind,-0.0307492484776471
spent,-0.0307718115776914
paralel,-0.030780462050046
vc,-0.030780462050046
upper,-0.030795024089358
term,-0.0309266672459432
achiev,-0.0309308274983304
baud,-0.0309308274983304
real,-0.0309308274983304
wrapper,-0.0309308274983304
diffus,-0.0310035572745541
subsequ,-0.031030922919751
apt,-0.0311073183495262
macro,-0.0311400055490054
held,-0.0312272619913862
proj,-0.0312272619913862
releas,-0.031282145071384
lotka,-0.0314857482774558
predat,-0.0314857482774558
prey,-0.0314857482774558
voltera,-0.0314857482774558
pop,-0.0315338561818508
insight,-0.0315719759501115
percept,-0.0315719759501115
fabric,-0.0315822569252651
flux,-0.0315979779403114
anabl,-0.0316414878867012
curcuit,-0.0316414878867012
learn,-0.0319495267669836
statement,-0.0320070746244318
annoy,-0.0320328957642895
appl,-0.0320328957642895
ausfuehrung,-0.0320328957642895
chin,-0.0320328957642895
demosthank,-0.0320328957642895
dependenciesload,-0.0320328957642895
guistart,-0.0320328957642895
helpload,-0.0320328957642895
helptyp,-0.0320328957642895
lade,-0.0320328957642895
luh,-0.0320328957642895
pre,-0.0320328957642895
reboot,-0.0320328957642895
scilabcopyright,-0.0320328957642895
startumgebungstart,-0.0320328957642895
startup,-0.0320328957642895
tan,-0.0320328957642895
triti,-0.0320328957642895
vision,-0.0320328957642895
view,-0.0323597271395753
bias,-0.0324330487774798
interchang,-0.0324330487774798
ini,-0.0325121277099897
architectur,-0.0326653700550201
armv,-0.0326653700550201
discuss,-0.0326656105904384
pipe,-0.0327728637255033
blackwhit,-0.0328190558336735
fine,-0.0328694381310473
watch,-0.0333889705775784
matlab,-0.0337565448477891
beginn,-0.0339074729201127
cappilaryris,-0.0339864484125014
plan,-0.0339909088381974
plugin,-0.0342404862220447
contour,-0.0342751141671738
minimum,-0.0342783823466668
communiti,-0.0343685995755677
gibb,-0.0344172083758677
particl,-0.0344317478333921
enrol,-0.034779904317845
rudi,-0.0348347862553524
controldict,-0.0349375361996623
scisicpi,-0.0349800911328532
plug,-0.0350692682744914
lagrangian,-0.0351430552692609
temp,-0.0351834245050523
chat,-0.0352111987548153
random,-0.0352567523468925
arial,-0.035320305918561
famili,-0.035320305918561
san,-0.035320305918561
serif,-0.035320305918561
grid,-0.0353354886488254
account,-0.0356166497914189
domain,-0.0356673341280239
final,-0.0357219560242233
rectifi,-0.0357324512914695
tend,-0.0357641588940783
mono,-0.0359027756331608
decod,-0.0360107059382587
seven,-0.0360107059382587
chemsep,-0.0360186889738839
rgb,-0.0361493702188347
encod,-0.0361548945157558
vp,-0.0361548945157558
webm,-0.0361548945157558
pyit,-0.0361907049695991
cmake,-0.0362735005443182
intervalo,-0.0365761436737384
littl,-0.0366010108336369
prompt,-0.0366178920454852
francesco,-0.0366569352341067
connector,-0.0366609202862803
nhit,-0.0367251049343709
dock,-0.0367604575059713
dockarea,-0.0367604575059713
speaker,-0.036796613749713
mass,-0.0368574891073819
benefit,-0.0369445292373932
dint,-0.0369445292373932
bright,-0.0369478607935469
retriev,-0.0369760613764107
denomin,-0.0370028269062516
shown,-0.0371453765229051
regardsrudi,-0.0371947419356958
oxygen,-0.037201250380674
fleet,-0.0372183533508837
adopt,-0.0374200769447435
conduct,-0.0374200769447435
sim,-0.0374200769447435
display,-0.0374228890109333
kannan,-0.0375176123493063
alpha,-0.0375358059117188
helvetica,-0.0377802981500716
substitut,-0.0378035894438583
imlabel,-0.0380063532455078
complic,-0.0380153232534589
volatil,-0.0380580899156844
lts,-0.0381470708604869
determin,-0.0381935691836645
im,-0.0383310390490326
camera,-0.0384422531097176
chandra,-0.0385211191076857
shekar,-0.0385516010608086
frequent,-0.0386842991265805
kumar,-0.0387978065277558
lag,-0.0387978065277558
saini,-0.0387978065277558
thankuregardssunil,-0.0387978065277558
guess,-0.0388374209322275
fall,-0.0389435971864664
inverterv,-0.0389435971864664
pdf,-0.038944425748177
dont,-0.0389898915457791
sincer,-0.0390045611787369
ipcv,-0.0391009281174066
host,-0.0392430347991136
level,-0.0392481547590096
priceless,-0.0393588223228942
class,-0.0396192111355715
support,-0.0397335170788578
fail,-0.0398720124854304
attempt,-0.0400852408563672
blocktreewindow,-0.0400852408563672
treestor,-0.0400852408563672
diesel,-0.0401500591646681
hexadecan,-0.0401500591646681
daniel,-0.0403813135473682
pure,-0.0404243951707788
audio,-0.0404729130386024
gate,-0.0404980698844841
stop,-0.040578886176639
cabl,-0.0409560253226629
sh,-0.0409781091179811
molar,-0.041012044100914
genet,-0.041091925010752
guarante,-0.041091925010752
waveform,-0.0410969649742485
garg,-0.0412196720250651
gnuplot,-0.0413306280619175
initi,-0.0417482225192698
coupl,-0.0418516114206726
purpos,-0.042043464847741
plate,-0.0420572767757805
netbook,-0.0420708750762994
unzip,-0.042526645479525
specif,-0.0426143741697272
checkbox,-0.0429577123092286
duplic,-0.0430373687719966
kiwix,-0.0430373687719966
alphat,-0.0431604754306317
rudhkul,-0.0431604754306317
teqn,-0.0431604754306317
sounndarrajan,-0.043405822864986
air,-0.0437074328292803
id,-0.0437282946866388
xgrid,-0.0437575557445181
adob,-0.0437634111398514
player,-0.0437634111398514
fahim,-0.0439465331515846
adiabat,-0.0440004700592086
choosen,-0.0440004700592086
iven,-0.0440004700592086
nand,-0.0440004700592086
nmateri,-0.0440004700592086
nreactor,-0.0440004700592086
nset,-0.0440004700592086
reactorthanksnaren,-0.0440004700592086
recalcul,-0.0440004700592086
shift,-0.0440004700592086
stoichiometr,-0.0440004700592086
wgs,-0.0440004700592086
low,-0.0441366105304605
surf,-0.0442344918093548
blob,-0.0442354548982458
linspac,-0.0443401085211856
grate,-0.0445403360342598
mon,-0.0445403360342598
gone,-0.0445747371995222
chem,-0.0446722920782357
sep,-0.0446722920782357
github,-0.0446819135034583
browser,-0.0448134725055453
coolprop,-0.0448148598698965
creativ,-0.0448965890915373
gave,-0.0448965890915373
sometim,-0.044924933378264
blank,-0.0456653938386051
courant,-0.0456770937382522
localhost,-0.0457159201580006
serv,-0.0457159201580006
ankush,-0.0458210796330013
nbi,-0.0458654596597955
mac,-0.0458945947566102
dsp,-0.0459432429883628
wich,-0.0459697045927978
remain,-0.0460145275003369
jan,-0.0460315076921609
generat,-0.0460327040842646
compil,-0.0461941284690971
offin,-0.0462137196302571
client,-0.0463120890247439
english,-0.0464092251474536
team,-0.0464718203435131
enter,-0.0464985051286977
combust,-0.0465083989871652
loop,-0.0466069295471916
inletmateri,-0.0467160724078466
nstream,-0.0467160724078466
come,-0.0468378794752182
kifac,-0.0468614379035128
export,-0.0468797336517074
henk,-0.0469790282833423
toluen,-0.0469790282833423
wang,-0.0469790282833423
anyth,-0.0470181222538006
coeffici,-0.0470690548307577
shortcut,-0.0473944559244054
higher,-0.0473944559244054
subckt,-0.0473961996350928
creator,-0.0475083885968449
individu,-0.0477183218557
binari,-0.0478504459817999
laplac,-0.0478967751929795
sym,-0.0478967751929795
floodfil,-0.0480934469536632
vain,-0.0480934469536632
bevel,-0.0481660592093495
gear,-0.0481660592093495
spiral,-0.0481660592093495
mayb,-0.0481749295144093
myprogram,-0.0481766481022018
sathish,-0.0483077526164166
sci,-0.0483247218200843
went,-0.0483776964778031
respect,-0.0484814991202504
amd,-0.0485075077375014
anirban,-0.0485371314983771
underst,-0.0486361863287327
upto,-0.0486361863287327
xcorr,-0.0486361863287327
youh,-0.0486361863287327
balanc,-0.0486898786338591
undefin,-0.0487857974304996
ball,-0.0489668065791611
unfortun,-0.0489779132738242
brace,-0.0490049678960322
logarithm,-0.0491151372243533
shall,-0.0491434960324083
understand,-0.0493626876368567
speci,-0.0496244711345117
alon,-0.0496924289207588
silab,-0.0496924289207588
stand,-0.0496924289207588
shoot,-0.0497779909602663
intern,-0.0498162814376413
suggest,-0.0498505226010771
plz,-0.05002770989646
africa,-0.0503441828530606
azeotrop,-0.0503441828530606
south,-0.0503441828530606
swing,-0.0503441828530606
proxi,-0.0504174162143032
anoth,-0.0504356572870934
exec,-0.050641905422766
manik,-0.0507256173637928
disp,-0.0507673761093433
exp,-0.0507873577743576
soon,-0.0508205359135461
box,-0.0508535810441191
posit,-0.0508636986239654
complain,-0.050877765370561
coughanowr,-0.050877765370561
hill,-0.050877765370561
leblanc,-0.050877765370561
mcgraw,-0.050877765370561
lookup,-0.0510391673646148
gr,-0.05107736223616
forc,-0.0512247281946567
dialogu,-0.05138241553277
like,-0.0514864438663952
loader,-0.0517071865943258
bubbl,-0.0518325871757086
assist,-0.051866887853268
select,-0.0525491962602488
rise,-0.052793006728781
dim,-0.0528153326652754
disabl,-0.0532014928324334
rule,-0.0533129063369547
negat,-0.0534999595423806
vs,-0.0535544260160602
cell,-0.0535590644092006
int,-0.0536692721480561
given,-0.0537364577045084
simultan,-0.0538654288254646
bin,-0.0538676092519225
assum,-0.0539249513499616
ext,-0.0540301926601894
tar,-0.0540301926601894
sell,-0.0540810057559531
vendor,-0.0540810057559531
hc,-0.0542195097968081
enabl,-0.0542717082701874
reali,-0.054470306450803
task,-0.054470306450803
notebook,-0.0545265656966066
uninstal,-0.0545365278480425
implement,-0.0547553630457234
pwm,-0.0550996870609194
richard,-0.055140686258957
logic,-0.0551992397168725
sudo,-0.0553580847828477
effort,-0.0555349411709129
cat,-0.0555828812681605
anti,-0.0556593208173179
virus,-0.0556593208173179
simpli,-0.0557527562671146
madhan,-0.0559459365399957
version,-0.056002442910125
offlin,-0.0568291104860781
pane,-0.0568682023807114
till,-0.0571495974940129
libtiff,-0.0571709974347613
slow,-0.0572311522827237
maximum,-0.0572950266456836
adc,-0.0573979037778005
driver,-0.0574391430285674
absorb,-0.0574703829633337
horizont,-0.0574703829633337
nax,-0.0574703829633337
repmat,-0.0574703829633337
address,-0.0576174048240122
extens,-0.0578486368464182
debug,-0.0578763393531363
clone,-0.0580022584034868
anymor,-0.0582686490280604
exe,-0.0583807670910238
anybodi,-0.058616550291685
obtain,-0.0587779544627018
abort,-0.0589283933798575
answer,-0.0590884096846454
old,-0.0596899604468692
xubuntu,-0.0597245322151272
caviti,-0.0601605937039382
macrosload,-0.0603120988521279
ensur,-0.0604061791812279
context,-0.0604105284910014
astabl,-0.0605063241407024
showingth,-0.0605063241407024
font,-0.0605464668199369
style,-0.0605514383209025
imgtag,-0.060562731294341
img,-0.0607163448307691
scheme,-0.0609342250351428
curv,-0.0610833747667576
nghdl,-0.0612060406370913
fresh,-0.06136129390455
critic,-0.061459266857546
violat,-0.061459266857546
correspond,-0.0614782352816445
ankur,-0.0615407368526038
screen,-0.0615436231553828
libmaxima,-0.061672503898993
om,-0.061672503898993
imfil,-0.0619688434581642
obj,-0.0622214001756664
propos,-0.0622554097414114
baruah,-0.062282065102992
cup,-0.0623229153422481
lpadmin,-0.0623229153422481
lavita,-0.0626219766984693
surethank,-0.0626224302085768
vitualbox,-0.0626227268223007
driven,-0.0629399215558563
lid,-0.0629399215558563
virtualbox,-0.0630867861882596
extern,-0.063100890241896
mam,-0.0631369727910228
rs,-0.0631645138505302
paramet,-0.0632215568333584
meant,-0.0632893150959901
pharmaci,-0.0633990649644335
laboratori,-0.0636039254500047
nd,-0.0638270992460829
wav,-0.0640262091019149
desir,-0.0640330663913007
callback,-0.0643184361687223
pushbutton,-0.0643184361687223
necessari,-0.0645131823615474
site,-0.064536223072884
radius,-0.0646426689645371
rahulthank,-0.0647266374799566
wikipedia,-0.0648929470453751
alphabet,-0.06504523733028
deriv,-0.06504523733028
comment,-0.0653328874103043
gaurav,-0.0657367957310656
supal,-0.0657367957310656
hackmet,-0.0660787745789121
clf,-0.0662165277535134
krishna,-0.0663768270823209
facil,-0.0664111178171188
vplot,-0.0664111178171188
athul,-0.0665002692108544
zip,-0.0667118786093768
max,-0.0668721301928079
differ,-0.0671192181505049
els,-0.067172005013938
background,-0.0672695172348976
sameer,-0.0674873178749736
georg,-0.0679464237001471
wavread,-0.0680110598496239
resourc,-0.0683747078117444
cacsd,-0.0685464819492104
communic,-0.0687705818733623
return,-0.068935455604874
row,-0.0690502855740512
debian,-0.0694494903423156
mixtur,-0.0695076908521118
arup,-0.0695215177117673
inbuilt,-0.0696639192518363
encount,-0.070189852318257
concret,-0.0703285076076389
arm,-0.0705304362577458
deploy,-0.0706017380677179
live,-0.0707236654685758
satisfi,-0.0707983513962165
abov,-0.0709833396022556
form,-0.0709839776322737
drop,-0.0710629298612878
residu,-0.071392116328767
appconfig,-0.0719390699907122
interact,-0.0724475751070477
apart,-0.0729837947662637
concept,-0.0729837947662637
reinstal,-0.0729849197155219
half,-0.0730808602742815
divid,-0.0735086777271005
madam,-0.073590875612212
condit,-0.0736262289519225
includ,-0.0738309170285311
subcircuit,-0.0739109537538462
sivp,-0.0739595805753874
interpret,-0.0739996487072089
deltat,-0.0747864303184831
delay,-0.0750961594669543
research,-0.0751804029388505
anyon,-0.07545306023997
exchang,-0.0756963212151436
hint,-0.0756963212151436
orient,-0.0756963212151436
pinch,-0.0756963212151436
arasu,-0.0757135747356121
nadu,-0.0757135747356121
postal,-0.0757135747356121
siri,-0.0757135747356121
stay,-0.0757135747356121
taml,-0.0757135747356121
thepric,-0.0757135747356121
split,-0.0761161798313689
scale,-0.0764438645079161
viraj,-0.0766342110528103
bt,-0.0767491791218043
restart,-0.0767597010229982
adjust,-0.0768423997581288
modelica,-0.0768971074857288
log,-0.0771779527838249
sens,-0.0773553249954032
findmsvccompil,-0.0778170108091391
haveacompil,-0.0778170108091391
sce,-0.0783603447838967
ya,-0.0784986625584849
multipl,-0.078621787307126
toolbox,-0.0792543970380579
whi,-0.0792548709861739
gloria,-0.079434597767053
manual,-0.0799945903247509
someon,-0.0800860909956008
dwcsd,-0.0807626270947365
airport,-0.0807944101731726
taxi,-0.0807944101731726
partit,-0.0810452889902842
optimis,-0.0810483959548262
mode,-0.0811170309318915
eff,-0.0812015628773018
sin,-0.0816218079149212
hit,-0.0820909131004602
forum,-0.08210859027166
axe,-0.0829102421611954
deltaheat,-0.0830285344160335
timevolumetemperatur,-0.0830285344160335
dimens,-0.0838682989977638
adder,-0.0842340770977569
capac,-0.0844926881532772
evaport,-0.0844926881532772
extract,-0.0852416255894245
constant,-0.0852684726708403
firmwar,-0.0853667144189355
cp,-0.0856600817857134
say,-0.0856660153249724
deliveri,-0.0861433313013116
awar,-0.0861612814575851
compel,-0.0861612814575851
draft,-0.0861612814575851
gold,-0.0861612814575851
intend,-0.0861612814575851
outlin,-0.0861612814575851
profund,-0.0861612814575851
sentenc,-0.0861612814575851
wake,-0.0861612814575851
alreadi,-0.086526652095647
length,-0.0869629135408894
troubl,-0.0873281873282518
hand,-0.0878146563102131
layout,-0.0879164910485931
illustr,-0.0880009401184172
isotherm,-0.0880009401184172
tip,-0.0880009401184172
web,-0.0881486578257009
atom,-0.0884050920945988
base,-0.0888987205793061
format,-0.0889888016236762
abaruah,-0.0890806720685197
lm,-0.089192862558915
algorithm,-0.0900586669718183
insid,-0.0903099936250406
color,-0.0906099268805613
grc,-0.090776409079783
rigor,-0.091620925779818
left,-0.0918386677449179
nativ,-0.0918538744078889
wrong,-0.0918999781044777
load,-0.0919460519356516
basic,-0.0923730991328458
particip,-0.0926467685569623
proceed,-0.0928874249346929
fraction,-0.0931054450536554
workshop,-0.0931259912811883
network,-0.0933518930103603
diagram,-0.093410939442784
dist,-0.0934162776100213
vortic,-0.0935010512571337
somewher,-0.0942423119698692
fs,-0.0944158995599709
win,-0.0950861553526026
devic,-0.0951587845457049
menu,-0.0953003717538531
ad,-0.0962216510381609
axi,-0.0963804545933928
launch,-0.0969269082362307
revert,-0.0969269082362307
maxdata,-0.0972723726574655
depend,-0.0979718634446363
akash,-0.0980186555214829
repli,-0.0981565214595422
abil,-0.0986112438037665
malwar,-0.0986112438037665
phi,-0.0988669830513228
lib,-0.0991986243522672
mesh,-0.0993783240930594
vector,-0.099611419634459
approv,-0.0997872103204271
whenev,-0.1003769602803768
envelop,-0.1004869448799732
float,-0.1006057914206396
technolog,-0.1007752974477006
join,-0.1009609630009831
contain,-0.1010549630606933
older,-0.1013700349654635
store,-0.1015222374147608
kinet,-0.1016244304429648
faq,-0.1020929667085516
activ,-0.1026089285009157
alway,-0.1026129173561264
simpl,-0.1026982854146735
complet,-0.102846394963604
award,-0.1029594262968184
certif,-0.1029594262968184
contributor,-0.1029594262968184
excit,-0.1029594262968184
prize,-0.1029594262968184
hklm,-0.1032313026697636
cours,-0.1036138149033953
dac,-0.1040882955764646
routin,-0.1041127538085551
insert,-0.1042964988433802
remot,-0.1049932875832113
noth,-0.1054857882589957
add,-0.1062980558752778
resist,-0.1065886775098947
second,-0.1070693446826699
uncomfort,-0.1072149770239822
pankaj,-0.1073466239277371
fose,-0.1075657972348015
pakag,-0.1075657972348015
toolbar,-0.1088558394035575
anamay,-0.1089125640775691
guidelin,-0.1094361267057111
measur,-0.1097214578002249
puls,-0.1105842184569516
doubt,-0.1109764846446154
voltag,-0.1110642839111959
nrun,-0.111178091209624
nr,-0.1119490739508984
modelis,-0.1119502668638287
static,-0.1119502668638287
spark,-0.1123831806698727
hotspot,-0.1123914200042455
wifi,-0.1123914200042455
modifi,-0.1123960065829343
proper,-0.1123988086934647
visit,-0.1133383039307663
feel,-0.113558619625918
textbook,-0.1141166695340294
access,-0.1142395600413927
vapour,-0.1142464460313244
serial,-0.1143086563741732
unknown,-0.1145705150191722
fix,-0.1146869900843696
charger,-0.114788656766368
nois,-0.114788656766368
guibuild,-0.1150212653928414
order,-0.1151534556940414
hydrocarbon,-0.1153585021815456
simón,-0.1153585021815456
environ,-0.1155994556071719
didn,-0.1156660402381826
bit,-0.1158319595354032
respons,-0.1160199520908647
ic,-0.1163679508480055
analog,-0.1167398691402954
nv,-0.1169703361585124
forward,-0.1170701927627769
recent,-0.1170846717680488
nnote,-0.1172731150852978
self,-0.1187319479200035
frontend,-0.119214038525502
sdcard,-0.1193341156700786
thought,-0.1197972862685211
geometri,-0.1199169858628242
ignor,-0.1207736995609754
counter,-0.1210657157697597
contact,-0.1222353386238479
iit,-0.1222997233505792
heat,-0.1228446725957743
resolv,-0.1233447784787738
emailaddr,-0.1233783525092424
ll,-0.1243856501641733
revers,-0.1252658933281162
liquid,-0.1260405080057119
nc,-0.1261624984850258
kicad,-0.1268385021323688
download,-0.1269492256388815
digit,-0.1269862830790578
solv,-0.1274998048926103
later,-0.127599163716255
recommend,-0.1279731785267652
occur,-0.1292047895738493
unabl,-0.1294145434358887
hindi,-0.1295309629462013
internet,-0.129688776419836
boundari,-0.1298697274128566
calcul,-0.1298777959989236
draw,-0.1299516915188473
infinit,-0.1308995929243252
ve,-0.1316858683242333
continu,-0.1320897225351367
size,-0.1322696647307927
arduino,-0.1328811079283542
warn,-0.1339152803553758
boot,-0.1350754816504737
termin,-0.1351990494715913
labl,-0.1355406556470424
want,-0.1356717053928976
sandhi,-0.1356983830641214
happen,-0.1357737883134146
xml,-0.136710616911425
locat,-0.1369980716622532
sqrt,-0.1373233645066341
convers,-0.137339341799439
precis,-0.137397755926838
tutor,-0.137397755926838
forgot,-0.1378536222656836
usr,-0.1378999114224026
extent,-0.1386346292999821
ask,-0.1389323949994797
rand,-0.1389407316753039
zero,-0.1393495915654742
jain,-0.139744853324581
saroj,-0.141851597104035
paraview,-0.1429037058494979
belekar,-0.1429771102628082
sent,-0.1429771102628083
regardsviraj,-0.144033143348801
latest,-0.1442269966403558
choos,-0.1456559869563184
transient,-0.1467182214544858
general,-0.147036696182269
method,-0.1474804155641872
xcos,-0.1484575828126532
tbc,-0.1485775211749601
instanc,-0.1493808963101948
pin,-0.1493834901887054
edit,-0.1499244447579315
variat,-0.1501022721761689
exampl,-0.1501269741950627
success,-0.1501304948996743
rahul,-0.1505538098263679
power,-0.1507686903850686
chemic,-0.1519546125321624
henc,-0.1524889236951525
exist,-0.1532698847702527
close,-0.1536438779018758
send,-0.1553537475337658
someth,-0.1555923917861278
energi,-0.1556082135729743
migrat,-0.1557485559673709
wise,-0.1560937958883632
setup,-0.1561897569477821
water,-0.1576958416181193
hey,-0.1578676401480541
mexico,-0.1579720477543869
sourc,-0.1584097958846785
compon,-0.1587570448996806
sorri,-0.1588687018014613
bombay,-0.1591489535555258
path,-0.1592369233589363
kvk,-0.1597309690126645
panel,-0.1610237392287381
elabor,-0.161424224324501
os,-0.1618607507122821
rho,-0.1625390674436797
blockmeshdict,-0.1629445330745388
subplot,-0.1634019966406667
palett,-0.1657326752539369
materi,-0.1660274832553609
defin,-0.1678534857837274
parafoam,-0.1687011909605089
veloc,-0.1692464014740803
folder,-0.1698610078073274
databas,-0.1706079075245504
normal,-0.1711393521377475
generic,-0.1719869961664094
doe,-0.1722475559504104
school,-0.1723225629151702
default,-0.1733185459820327
just,-0.1761573437499135
learnt,-0.1768125559279836
student,-0.1769114338686583
dure,-0.17701717691669
expect,-0.1778444022739347
companion,-0.1781015677938374
invert,-0.1783161121775441
gas,-0.1785064383683944
seen,-0.1785969877282367
tile,-0.1805338798289303
homework,-0.1806262791512439
lan,-0.1807293855554445
appreci,-0.1809754544017201
exact,-0.1815440809758216
gnuradio,-0.1836509087883003
src,-0.1850136952654864
wish,-0.1853069825085413
py,-0.1870906057781957
procedur,-0.1888438986855551
port,-0.1889339455541434
mint,-0.1891476985237948
section,-0.1894952759518078
mean,-0.1896228439881771
similar,-0.1900321787110494
temperatur,-0.1906429567235888
creat,-0.1921247392949573
analysi,-0.1929451360620747
tab,-0.1934345263556108
honorarium,-0.1938538164724615
percentag,-0.1948791872684512
set,-0.197363651410915
suppos,-0.1985867475604013
start,-0.1987232391135705
refer,-0.1988723596213731
iam,-0.201293666141815
solver,-0.2037654065233753
replac,-0.2054295454537577
openmodelica,-0.2054743209904304
org,-0.2060668470084363
option,-0.2071746027432079
probabl,-0.2097978499971886
sheet,-0.2114401453173165
step,-0.2129173814186678
softwar,-0.2149223636062281
block,-0.2155380788840528
valu,-0.2169448628363136
type,-0.2188857237647212
applic,-0.221204086230911
project,-0.2222269394975796
design,-0.222597273550268
attach,-0.2229298995953066
read,-0.2244270764720624
nprint,-0.225945881229592
program,-0.2276053930207711
matrix,-0.2328276636475576
erreur,-0.2336505970102955
upload,-0.2377650705562031
archiv,-0.2379470058332027
properti,-0.2381641326362639
pcb,-0.2442523033680959
function,-0.2445984837295263
convert,-0.2448583347889954
space,-0.2474205096982511
drag,-0.2486810685720286
pad,-0.2489976453728371
connect,-0.2494115767696585
label,-0.2532193293641888
list,-0.2541093064169084
email,-0.256141052909776
hkml,-0.2565915139876202
atomssloganpleas,-0.2596586129962903
au,-0.2596586129962903
connexion,-0.2596586129962903
forg,-0.2596586129962903
mysql,-0.2596586129962903
serveurpalmaria,-0.2596586129962903
tracker,-0.2596586129962903
bug,-0.2627357238134057
wiki,-0.2658020190676771
avail,-0.2680578733145801
subhankar,-0.269720354909911
did,-0.2731358544691337
couldn,-0.2760374176458411
imag,-0.276120670915846
previous,-0.278312750162063
compound,-0.2784274604608417
lot,-0.2811379141649989
openfoam,-0.2835937247352177
video,-0.2881739885828801
flow,-0.2891641343987192
abl,-0.2919530662823774
chang,-0.2956098461763355
look,-0.295698669980827
ms,-0.2959667705569388
face,-0.297920212031606
sir,-0.2994514828881075
follow,-0.3010531413364797
correct,-0.3031776532106455
mail,-0.30460070581842
explan,-0.3103531857574149
kind,-0.3122892400816654
relat,-0.3132139036770176
thesi,-0.3144316827249082
net,-0.3158178474136969
command,-0.322168671066477
hello,-0.3223358389285496
anamaysandhi,-0.3245993063859388
possibl,-0.3293871118022321
hypothesi,-0.3340012206311008
treat,-0.3340012206311008
share,-0.3385830685514716
fosse,-0.3432568144234972
sub,-0.3636559663768418
page,-0.3722035852546593
stream,-0.3758399393306419
let,-0.3841957418325041
input,-0.3911742183936758
hii,-0.4027858887355668
check,-0.4054385778794598
updat,-0.4093727943171391
dear,-0.4231846949521655
tutori,-0.4268555933028203
spoken,-0.4320401887655586
ashok,-0.4356393432588919
code,-0.4545505635320215
test,-0.4677449564843267
queri,-0.4695738503157381
window,-0.5529755070620924
xspamfieldthrow,100.0
